School_ID,Region,School_Type,Student_Count,Teacher_Count,Term_1_Avg,Term_2_Avg,STEM_Subject_Rate,Literacy_Rate,Failure_Risk_Index,Average_Attendance,Library_Usage_Hours,Extracurricular_Participation,LMS_Login_Frequency,Internet_Speed_Mbps,Smart_Classroom_Ratio,Lab_Equipment_Quality_Score,Teacher_Turnover_Rate,Teacher_PhD_Ratio,Professional_Development_Hours_Per_Year,Budget_Per_Student,Budget_Allocation_IT,Budget_Allocation_Scholarships,Regional_Economic_Index,Student_Wellbeing_Score,Teacher_Burnout_Index,Overall_School_Quality_Score,Teacher_to_Student_Ratio,Budget_Efficiency_Score
SCH_0001,الشرق,حكومية,2080,73,73.72,93.14,63.73,60.32,43.45,80.69,0.22,69.74,9.13,75.96,0.3,5,16.87,0.01,61.77,9427.19,0.02,0.04,0.33,5.88,1.0,59.52,0.04,6.31
SCH_0002,المركز,حكومية,1594,175,63.51,31.85,24.75,51.14,47.34,100.0,3.35,4.49,5.47,41.85,0.12,10,27.43,0.0,40.78,7092.91,0.01,0.11,0.43,3.26,1.45,44.63,0.11,6.29
SCH_0003,الشمال,حكومية,298,115,48.09,73.18,28.87,79.38,31.54,91.76,4.45,62.45,8.46,80.82,0.3,4,18.62,0.33,37.89,8708.63,0.05,0.01,0.78,8.09,7.63,56.09,0.39,6.44
SCH_0004,الجنوب,حكومية,2294,141,41.03,30.79,46.13,35.99,36.11,100.0,0.65,53.33,8.07,48.28,0.08,6,9.93,0.01,46.6,4907.64,0.1,0.01,0.36,3.79,3.72,45.31,0.06,9.23
SCH_0005,الغرب,حكومية,621,55,100.0,90.28,100.0,87.48,0.0,100.0,8.06,100.0,22.72,51.05,0.53,3,6.13,0.2,57.56,9153.9,0.12,0.08,0.69,7.38,3.32,76.99,0.09,8.41
SCH_0006,الغرب,مجتمعية,1703,172,8.85,11.98,11.55,36.89,63.11,87.81,6.59,0.0,0.0,33.5,0.34,1,19.59,0.22,60.92,4917.8,0.01,0.02,0.4,1.69,7.92,31.77,0.1,6.46
SCH_0007,الشمال,حكومية,261,71,71.04,91.11,45.41,100.0,8.37,87.06,7.17,57.74,5.05,111.29,0.39,4,0.0,0.07,57.13,6801.4,0.09,0.05,0.44,8.02,1.08,67.93,0.27,9.99
SCH_0008,المركز,خاصة,1332,191,15.0,46.63,0.0,45.47,35.8,87.8,1.13,28.49,4.82,66.35,0.02,9,19.77,0.15,33.35,4442.6,0.05,0.01,0.58,1.73,4.53,38.4,0.14,8.64
SCH_0009,الجنوب,حكومية,1902,62,53.32,55.78,80.11,56.52,37.77,90.53,2.91,48.13,6.74,44.1,0.22,4,32.75,0.14,15.37,8784.99,0.15,0.09,0.37,1.0,3.61,45.95,0.03,5.23
SCH_0010,الشمال,حكومية,797,86,82.01,74.58,74.27,91.45,14.9,100.0,10.25,54.34,9.72,81.69,0.38,1,7.31,0.22,32.9,12058.68,0.1,0.08,0.42,5.91,1.0,67.5,0.11,5.6
SCH_0011,المركز,خاصة,591,191,100.0,79.86,72.57,76.64,24.9,100.0,1.76,53.48,9.94,112.18,0.49,4,0.0,0.18,23.88,12115.63,0.09,0.1,0.54,9.16,1.0,68.85,0.32,5.68
SCH_0012,الجنوب,حكومية,1275,189,16.21,18.65,12.37,40.25,47.01,90.58,4.44,20.06,0.0,10.0,0.0,7,20.39,0.0,22.67,1728.6,0.03,0.02,0.53,4.75,4.92,29.33,0.15,16.97
SCH_0013,الغرب,خاصة,1512,70,66.49,66.22,21.45,76.68,34.97,100.0,0.04,41.02,5.9,73.95,0.43,3,0.0,0.02,51.81,4340.43,0.18,0.07,0.82,4.56,1.57,55.71,0.05,12.84
SCH_0014,الجنوب,حكومية,2229,79,68.61,23.71,66.19,64.06,29.82,74.25,0.01,54.28,12.15,10.0,0.58,10,20.19,0.23,36.08,4383.82,0.06,0.08,0.35,4.39,6.56,48.58,0.04,11.08
SCH_0015,الشرق,حكومية,1009,26,13.59,38.0,64.9,26.14,36.98,91.19,3.92,3.73,4.2,50.77,0.0,6,24.02,0.0,42.8,5011.87,0.01,0.01,0.9,3.03,4.03,38.11,0.03,7.6
SCH_0016,الجنوب,حكومية,1605,83,49.95,99.93,47.88,56.52,19.35,100.0,5.6,30.38,12.91,51.99,0.47,1,7.41,0.34,44.12,1830.03,0.07,0.07,0.87,4.55,6.09,56.75,0.05,31.01
SCH_0017,الشرق,حكومية,1359,148,15.73,33.78,74.25,25.92,35.78,92.04,4.35,47.57,0.0,23.98,0.35,4,15.04,0.05,21.93,3682.73,0.05,0.05,0.84,3.16,3.45,38.01,0.11,10.32
SCH_0018,الجنوب,خاصة,1731,103,46.3,47.33,49.21,61.18,4.97,79.49,9.43,86.68,14.95,34.88,0.22,3,9.99,0.0,36.78,9422.02,0.11,0.1,0.52,3.95,6.73,53.61,0.06,5.69
SCH_0019,الشرق,حكومية,1585,39,25.1,35.73,71.49,30.93,15.91,99.93,0.39,66.97,2.91,36.92,0.48,1,15.54,0.08,38.53,7635.61,0.11,0.1,0.88,5.08,4.72,44.84,0.02,5.87
SCH_0020,الغرب,مجتمعية,1080,15,33.61,54.42,49.96,47.49,39.2,95.47,0.87,33.61,8.95,51.47,0.25,3,6.32,0.07,35.23,5048.57,0.01,0.05,0.43,4.95,4.5,45.88,0.01,9.09
SCH_0021,المركز,مجتمعية,1799,174,55.05,37.97,47.96,34.19,10.19,91.93,7.62,54.57,5.65,64.47,0.03,4,0.66,0.28,34.81,5062.06,0.02,0.08,0.39,4.97,2.47,51.8,0.1,10.23
SCH_0022,الشرق,حكومية,453,145,67.86,82.34,100.0,72.39,9.28,92.64,0.8,41.72,7.7,108.29,0.16,5,19.06,0.15,29.26,8985.84,0.09,0.01,0.33,5.13,3.0,59.99,0.32,6.68
SCH_0023,الشرق,حكومية,2267,63,30.6,23.39,41.66,15.08,21.25,100.0,3.19,30.97,6.06,27.46,0.31,6,14.65,0.04,21.31,6690.72,0.07,0.07,0.96,5.93,7.83,39.31,0.03,5.87
SCH_0024,الغرب,خاصة,1368,161,49.37,83.35,65.13,48.82,14.32,94.32,2.82,34.43,11.65,10.0,0.48,2,12.26,0.38,71.17,5968.02,0.02,0.04,0.52,5.58,2.25,54.72,0.12,9.17
SCH_0025,الشرق,مجتمعية,1431,74,29.93,64.48,0.35,46.5,28.08,86.98,0.28,56.47,19.32,78.35,0.55,2,18.06,0.19,50.18,5273.84,0.03,0.03,0.94,3.63,2.97,48.96,0.05,9.28
SCH_0026,الشمال,حكومية,365,171,47.18,37.94,12.75,41.39,22.46,82.8,1.1,56.78,9.63,10.0,0.39,6,17.5,0.38,10.76,4870.54,0.03,0.06,0.49,1.91,2.93,39.8,0.47,8.17
SCH_0027,الغرب,حكومية,1773,192,61.57,58.46,68.85,60.79,0.0,97.03,2.78,89.26,12.07,47.01,0.34,5,0.0,0.37,2.4,4514.8,0.14,0.06,0.94,4.58,5.66,55.73,0.11,12.34
SCH_0028,الشمال,حكومية,816,16,47.21,35.2,64.9,32.76,29.45,96.44,5.87,23.85,11.06,20.83,0.31,1,0.0,0.0,31.8,5048.28,0.08,0.04,0.93,3.07,5.58,45.08,0.02,8.93
SCH_0029,الغرب,حكومية,1825,87,61.23,41.57,44.28,73.11,14.76,89.62,4.0,64.95,8.92,42.05,0.26,3,8.69,0.27,45.91,5327.64,0.11,0.09,0.95,1.76,6.39,52.39,0.05,9.83
SCH_0030,الشرق,حكومية,702,198,40.26,36.42,38.81,61.77,15.13,85.6,3.42,50.64,7.4,12.73,0.24,5,16.3,0.38,27.39,4023.05,0.14,0.04,0.65,3.47,3.59,44.27,0.28,11.0
SCH_0031,الشمال,خاصة,1112,159,39.43,10.2,0.0,36.31,47.85,98.29,1.92,22.72,5.61,10.0,0.05,2,11.09,0.31,43.28,6147.92,0.02,0.01,0.91,1.79,4.49,35.17,0.14,5.72
SCH_0032,الشرق,حكومية,2326,124,23.33,58.27,23.85,35.72,44.57,81.85,1.13,38.36,10.2,38.88,0.0,1,11.57,0.27,32.75,6733.37,0.01,0.09,0.97,3.27,4.48,40.02,0.05,5.94
SCH_0033,الغرب,حكومية,784,178,87.36,72.6,58.87,66.92,2.21,100.0,0.47,78.96,15.39,32.32,0.19,9,32.21,0.31,34.43,8329.04,0.03,0.07,0.53,1.0,4.77,57.27,0.23,6.88
SCH_0034,الشرق,حكومية,2158,75,0.0,27.68,0.0,10.48,67.73,80.28,1.24,6.64,0.0,51.98,0.07,5,3.65,0.0,34.82,2275.4,0.01,0.07,0.59,1.0,4.81,28.25,0.03,12.42
SCH_0035,الشمال,حكومية,595,31,29.66,18.26,0.01,13.4,32.7,76.7,0.07,13.82,0.0,10.0,0.0,2,12.62,0.0,17.81,500.0,0.01,0.05,0.8,1.0,7.58,21.79,0.05,43.58
SCH_0036,الشمال,حكومية,1831,63,24.36,69.05,39.64,64.02,20.65,79.86,0.76,0.0,12.84,10.0,0.14,10,33.8,0.07,27.9,6781.33,0.04,0.01,0.51,3.21,4.29,40.49,0.03,5.97
SCH_0037,الشرق,حكومية,2080,90,53.77,55.72,85.02,67.39,8.6,81.73,2.09,41.9,4.42,106.21,0.52,4,10.54,0.0,46.87,5595.65,0.12,0.08,0.83,6.55,1.0,57.95,0.04,10.36
SCH_0038,الجنوب,حكومية,601,162,100.0,100.0,100.0,100.0,5.5,92.18,2.56,77.83,5.31,104.78,0.81,3,0.0,0.47,46.73,7566.37,0.14,0.06,0.35,10.0,2.33,78.61,0.27,10.39
SCH_0039,الغرب,حكومية,1174,192,27.58,19.02,45.56,34.11,59.8,85.24,0.14,16.63,0.0,121.35,0.13,7,26.73,0.08,60.59,3275.06,0.04,0.04,0.67,4.54,1.06,39.57,0.16,12.08
SCH_0040,الغرب,حكومية,423,145,50.04,13.53,20.75,5.98,18.41,94.9,2.23,0.0,11.56,10.0,0.0,1,21.31,0.24,35.5,3637.98,0.02,0.01,0.39,1.0,6.7,31.56,0.34,8.67
SCH_0041,الشرق,مجتمعية,717,57,13.83,11.57,24.93,14.72,12.19,93.45,1.93,0.0,6.47,20.14,0.0,10,18.04,0.0,33.6,7128.28,0.01,0.01,0.51,1.0,6.97,32.57,0.08,4.57
SCH_0042,الجنوب,حكومية,435,71,54.35,38.73,37.51,37.95,34.17,87.18,0.26,20.08,1.98,54.28,0.13,4,17.0,0.28,31.17,4769.12,0.11,0.02,0.48,4.37,4.28,41.62,0.16,8.73
SCH_0043,الشمال,حكومية,315,64,90.85,64.92,76.58,99.41,16.14,100.0,13.03,96.27,8.95,85.64,0.74,7,0.0,0.18,58.56,6756.68,0.09,0.15,0.89,7.75,2.0,76.48,0.2,11.32
SCH_0044,المركز,حكومية,425,192,21.68,25.38,29.59,23.1,43.38,84.59,0.26,0.0,2.5,10.0,0.41,10,11.12,0.0,19.61,5341.61,0.01,0.02,0.44,3.16,7.31,32.82,0.45,6.14
SCH_0045,المركز,مجتمعية,2477,51,19.78,56.6,36.67,45.95,38.35,88.29,6.24,48.72,10.47,78.54,0.0,5,13.57,0.37,36.59,6227.79,0.1,0.04,0.87,3.1,2.54,49.42,0.02,7.93
SCH_0046,الشرق,حكومية,381,60,46.84,42.77,30.16,67.6,6.06,80.17,0.0,60.73,6.62,67.92,0.16,4,1.41,0.33,22.44,2536.67,0.11,0.11,0.86,3.59,4.35,47.48,0.16,18.72
SCH_0047,الجنوب,حكومية,1541,184,49.94,14.79,60.86,37.13,19.83,87.56,6.33,74.65,0.87,10.0,0.0,4,17.11,0.13,45.19,6564.43,0.01,0.02,0.65,6.06,6.41,43.0,0.12,6.55
SCH_0048,الجنوب,خاصة,409,29,64.48,58.11,32.25,67.89,17.04,94.34,0.08,76.48,16.12,43.56,0.41,2,11.13,0.21,45.25,12132.15,0.15,0.07,0.46,5.69,5.34,56.62,0.07,4.67
SCH_0049,الغرب,حكومية,1615,175,71.79,77.14,100.0,74.7,41.52,82.5,5.8,74.86,10.33,34.79,0.32,8,16.1,0.28,70.65,2678.44,0.07,0.1,0.46,3.54,1.0,61.76,0.11,23.06
SCH_0050,الشمال,حكومية,2343,94,0.0,10.44,29.52,22.69,48.71,82.95,1.16,22.87,1.95,15.76,0.19,4,31.43,0.09,61.7,1886.05,0.01,0.01,0.63,4.5,5.65,27.2,0.04,14.42
SCH_0051,الجنوب,حكومية,1093,153,50.9,56.96,39.58,74.15,29.62,93.51,5.05,47.19,11.81,87.43,0.49,2,6.2,0.06,49.14,1430.62,0.1,0.04,0.31,1.73,1.0,54.68,0.14,38.22
SCH_0052,المركز,حكومية,2081,162,77.98,45.03,61.62,69.5,3.33,86.91,1.97,65.95,0.0,49.76,0.48,9,14.71,0.12,39.37,7128.75,0.12,0.01,0.67,1.0,1.0,55.24,0.08,7.75
SCH_0053,الشمال,حكومية,1309,38,22.98,71.91,33.65,40.73,35.22,83.35,0.24,58.75,8.7,34.63,0.0,10,19.37,0.42,18.48,7936.46,0.09,0.01,0.97,4.92,4.18,45.43,0.03,5.72
SCH_0054,الشمال,خاصة,2226,139,38.73,29.07,44.12,40.43,18.28,94.05,4.14,25.79,6.25,10.0,0.16,7,21.29,0.48,41.96,5168.88,0.04,0.01,0.41,4.06,4.48,43.8,0.06,8.47
SCH_0055,الشرق,حكومية,593,132,79.51,94.09,92.61,88.34,38.09,82.43,0.32,87.32,4.63,99.69,0.12,3,0.99,0.46,46.21,11163.31,0.09,0.08,0.7,6.98,3.68,68.95,0.22,6.18
SCH_0056,الجنوب,خاصة,1043,94,17.49,28.43,30.26,38.59,24.31,78.4,6.72,74.49,0.0,58.01,0.47,7,9.46,0.13,34.38,6133.12,0.05,0.01,0.97,1.0,4.05,43.97,0.09,7.17
SCH_0057,الشرق,حكومية,1724,108,29.3,32.87,48.42,37.72,21.31,89.77,0.16,28.21,2.2,32.52,0.13,1,21.65,0.05,56.0,8748.95,0.04,0.1,0.9,2.56,3.72,39.14,0.06,4.47
SCH_0058,الجنوب,خاصة,803,79,52.57,58.53,57.64,55.56,0.0,97.76,2.48,49.93,9.91,107.34,0.09,1,0.0,0.06,25.61,9515.93,0.18,0.03,0.9,4.24,2.83,55.62,0.1,5.84
SCH_0059,الغرب,حكومية,781,102,61.85,57.0,100.0,86.44,17.35,94.23,5.18,52.46,11.61,51.56,0.3,4,5.35,0.09,26.5,6945.77,0.13,0.11,0.88,4.36,1.0,59.85,0.13,8.62
SCH_0060,الشرق,حكومية,2242,102,92.96,72.26,100.0,81.15,11.15,91.11,2.18,65.88,20.37,37.1,0.52,4,0.0,0.15,40.16,8664.33,0.07,0.09,0.52,9.15,1.0,69.25,0.05,7.99
SCH_0061,الشرق,حكومية,2139,159,22.55,13.91,19.49,34.89,58.18,85.46,0.7,47.69,5.27,53.16,0.32,4,4.38,0.41,41.03,3294.78,0.02,0.05,0.92,1.0,6.49,38.75,0.07,11.76
SCH_0062,المركز,مجتمعية,332,140,100.0,58.16,91.13,84.26,24.19,100.0,6.05,61.67,4.24,72.04,0.71,9,0.0,0.5,50.8,7782.51,0.11,0.1,0.96,6.63,1.0,74.48,0.42,9.57
SCH_0063,الشرق,حكومية,2468,103,54.94,81.74,64.92,55.94,12.92,96.92,5.39,44.14,6.31,33.01,0.32,6,23.36,0.26,21.7,6654.74,0.14,0.01,0.65,6.42,5.34,53.07,0.04,7.98
SCH_0064,الجنوب,حكومية,1175,75,41.38,54.21,44.83,53.33,38.09,90.4,8.96,35.02,1.01,52.32,0.23,3,19.38,0.01,46.35,6331.68,0.15,0.05,0.55,4.76,4.21,48.1,0.06,7.6
SCH_0065,المركز,حكومية,2013,29,57.5,64.88,36.13,30.67,9.9,87.07,1.55,44.1,5.54,10.0,0.39,6,8.74,0.26,14.85,8687.35,0.04,0.04,0.59,5.91,1.0,47.74,0.01,5.5
SCH_0066,الشرق,حكومية,1743,108,85.02,63.75,99.95,73.2,1.4,92.85,3.01,50.46,18.39,23.22,0.59,2,13.38,0.19,30.13,7635.8,0.07,0.04,0.53,7.18,2.52,60.97,0.06,7.98
SCH_0067,الشرق,حكومية,1557,65,0.0,0.0,16.58,29.78,43.34,80.87,1.13,0.0,4.83,19.65,0.12,2,29.66,0.0,23.33,2316.72,0.01,0.03,0.45,2.21,6.03,20.69,0.04,8.93
SCH_0068,الغرب,حكومية,238,41,1.5,2.35,22.22,23.01,24.51,85.5,0.75,22.57,0.0,30.05,0.26,7,19.14,0.09,16.8,2452.14,0.04,0.07,0.73,2.1,5.82,27.11,0.17,11.06
SCH_0069,الشرق,حكومية,1516,88,77.78,73.18,100.0,100.0,26.22,89.03,6.1,100.0,14.89,121.32,0.36,3,0.0,0.11,57.2,9875.82,0.23,0.01,0.69,7.59,1.0,74.45,0.06,7.54
SCH_0070,الشمال,حكومية,361,75,37.31,61.61,100.0,56.79,53.66,90.3,1.59,43.05,5.27,87.66,0.36,7,7.66,0.06,42.61,4468.05,0.12,0.05,0.62,4.11,1.0,55.44,0.21,12.41
SCH_0071,المركز,حكومية,2109,45,100.0,81.86,73.59,92.23,3.52,89.78,2.53,46.47,0.0,103.18,0.1,3,2.99,0.21,71.72,8486.21,0.05,0.05,0.37,4.13,3.65,65.33,0.02,7.7
SCH_0072,الشمال,حكومية,1327,26,81.92,57.99,65.17,88.18,5.43,96.15,2.11,93.99,4.27,107.7,0.7,2,0.0,0.13,37.17,10526.37,0.07,0.07,0.86,7.48,1.62,66.83,0.02,6.35
SCH_0073,المركز,خاصة,2408,60,38.55,40.06,40.23,36.97,28.68,95.42,3.94,31.91,8.1,53.45,0.13,4,18.98,0.11,29.79,6297.59,0.03,0.03,0.42,5.42,1.91,43.87,0.02,6.97
SCH_0074,الغرب,حكومية,1858,173,67.92,75.69,75.0,75.51,5.11,89.27,10.47,77.34,14.82,62.73,0.72,4,9.53,0.21,60.07,7965.06,0.07,0.05,0.38,6.35,2.53,68.83,0.09,8.64
SCH_0075,الشرق,حكومية,2163,46,56.19,75.72,72.72,68.77,21.33,85.02,4.35,37.57,18.37,92.56,0.26,3,13.15,0.0,38.19,7491.41,0.08,0.09,0.74,4.12,1.0,59.01,0.02,7.88
SCH_0076,الشرق,حكومية,1257,174,4.33,55.85,23.99,32.71,13.27,94.07,1.92,27.23,6.77,60.06,0.26,9,19.34,0.33,52.55,3306.08,0.07,0.08,0.58,1.0,2.07,45.0,0.14,13.61
SCH_0077,الشرق,مجتمعية,2489,195,20.51,41.05,21.18,56.47,31.53,91.13,5.13,65.21,13.71,46.27,0.29,6,20.67,0.0,42.06,4541.03,0.1,0.13,0.34,3.89,2.46,46.34,0.08,10.2
SCH_0078,المركز,مجتمعية,1166,75,56.79,46.51,63.35,13.3,64.54,84.89,2.92,25.24,7.39,10.0,0.05,5,16.14,0.0,0.0,4588.99,0.1,0.01,0.55,1.0,2.97,35.08,0.06,7.64
SCH_0079,الشرق,خاصة,1089,60,100.0,82.27,93.53,100.0,0.0,100.0,0.28,67.89,16.88,27.73,0.58,6,6.7,0.19,62.05,9232.44,0.15,0.03,0.84,3.52,1.0,70.9,0.06,7.68
SCH_0080,الشمال,حكومية,2360,99,83.33,69.06,83.6,91.57,0.0,89.68,0.48,43.8,19.3,117.24,0.81,8,0.0,0.26,61.28,11333.9,0.04,0.11,0.73,7.32,2.09,74.66,0.04,6.59
SCH_0081,الشرق,حكومية,2270,94,100.0,100.0,99.95,79.15,0.0,78.18,0.18,88.7,16.12,105.56,0.91,5,0.0,0.49,61.63,9569.36,0.08,0.14,0.55,5.77,1.0,79.82,0.04,8.34
SCH_0082,الغرب,حكومية,1866,149,30.48,56.97,59.54,25.07,46.69,81.62,1.64,2.59,8.81,41.46,0.29,4,32.66,0.11,0.0,7307.36,0.03,0.05,0.43,2.52,7.13,34.29,0.08,4.69
SCH_0083,الشمال,حكومية,1641,18,68.46,68.38,43.34,61.23,33.81,100.0,6.59,69.67,5.37,85.49,0.11,7,0.0,0.26,27.78,10347.16,0.1,0.11,0.74,4.41,1.0,62.11,0.01,6.0
SCH_0084,الشرق,حكومية,1267,66,68.51,91.24,94.11,97.1,17.2,91.45,1.76,75.96,1.35,62.92,0.26,5,11.3,0.31,38.14,10882.77,0.18,0.08,0.92,5.98,1.0,65.64,0.05,6.03
SCH_0085,الشرق,خاصة,327,173,9.6,32.65,8.92,43.52,6.26,84.55,1.5,35.2,8.76,10.0,0.45,4,9.61,0.14,18.4,8020.47,0.06,0.02,0.75,1.0,4.09,36.39,0.53,4.54
SCH_0086,الجنوب,خاصة,357,126,85.35,60.65,65.24,80.82,6.08,91.97,9.68,69.54,12.02,83.09,0.21,5,0.6,0.25,66.41,5751.37,0.1,0.07,0.87,3.7,5.66,67.03,0.35,11.65
SCH_0087,المركز,خاصة,1026,50,0.0,43.32,37.49,44.54,23.92,95.6,5.0,27.63,0.0,61.09,0.27,4,21.33,0.0,27.37,2462.63,0.05,0.02,0.67,1.0,5.55,35.99,0.05,14.61
SCH_0088,الشمال,حكومية,2090,196,57.59,59.55,37.51,58.89,19.12,90.32,4.15,82.22,2.66,70.37,0.39,8,0.0,0.14,37.39,8222.6,0.08,0.08,0.8,2.33,8.84,56.52,0.09,6.87
SCH_0089,الجنوب,حكومية,711,68,38.17,68.8,39.94,55.8,28.43,94.1,1.03,66.15,7.21,10.0,0.53,8,5.92,0.31,41.39,3375.67,0.07,0.07,0.93,2.84,4.04,51.21,0.1,15.17
SCH_0090,الغرب,حكومية,2292,133,40.46,47.88,63.36,59.18,5.78,88.22,0.43,13.54,10.69,54.58,0.39,1,4.67,0.73,42.75,5734.34,0.13,0.08,0.84,1.49,3.63,52.54,0.06,9.16
SCH_0091,المركز,حكومية,2466,141,68.3,57.4,75.37,43.53,11.62,96.15,0.06,47.45,12.14,29.84,0.38,3,6.89,0.01,0.0,8993.1,0.09,0.08,0.94,4.76,1.0,49.77,0.06,5.53
SCH_0092,الشمال,خاصة,642,31,40.03,41.17,27.04,46.88,33.61,91.46,0.4,56.88,2.43,10.0,0.71,4,4.41,0.21,25.36,9340.07,0.07,0.06,0.6,4.5,3.84,45.31,0.05,4.85
SCH_0093,الشرق,حكومية,2424,89,76.1,59.01,77.64,64.31,5.49,88.83,1.42,37.28,6.55,69.94,0.59,2,23.47,0.12,19.86,7403.2,0.1,0.09,0.93,3.96,2.13,53.01,0.04,7.16
SCH_0094,الشمال,حكومية,2475,172,60.63,66.22,69.68,68.84,17.74,92.92,3.01,15.45,12.12,63.38,0.46,5,28.34,0.48,43.56,5795.71,0.15,0.01,0.74,5.53,1.67,57.22,0.07,9.87
SCH_0095,الشرق,حكومية,1926,119,43.32,0.0,14.0,16.4,69.53,81.84,0.16,0.0,2.14,10.0,0.0,8,1.82,0.0,19.22,4469.62,0.01,0.02,0.91,1.0,5.02,28.14,0.06,6.3
SCH_0096,المركز,حكومية,2206,164,34.87,43.37,77.43,64.79,52.03,79.54,0.54,42.21,13.65,68.79,0.1,2,16.53,0.26,36.93,4748.25,0.17,0.06,0.33,2.23,2.52,47.3,0.07,9.96
SCH_0097,الشرق,خاصة,1895,131,69.03,88.46,56.8,72.4,0.0,91.7,0.81,0.0,8.67,44.87,0.36,9,16.44,0.0,9.4,7454.87,0.04,0.07,0.76,5.26,1.52,53.15,0.07,7.13
SCH_0098,الغرب,حكومية,466,57,75.25,54.46,77.03,73.61,17.32,81.56,4.06,32.75,14.01,71.35,0.11,7,13.24,0.16,35.99,7798.54,0.07,0.07,0.89,6.88,6.05,58.34,0.12,7.48
SCH_0099,الشرق,خاصة,1037,126,64.63,81.42,45.17,75.04,59.52,96.63,3.88,19.21,10.07,53.92,0.35,6,1.3,0.2,57.27,7737.5,0.14,0.08,0.42,7.21,1.15,61.48,0.12,7.95
SCH_0100,الغرب,حكومية,688,129,44.62,33.73,32.66,67.13,24.84,91.17,3.15,74.67,6.09,57.13,0.55,8,6.39,0.35,60.54,7704.37,0.15,0.05,0.76,8.4,2.46,57.94,0.19,7.52
SCH_0101,المركز,حكومية,901,41,55.13,58.02,51.89,47.67,32.14,100.0,0.89,47.65,10.08,44.32,0.41,2,8.45,0.0,41.66,3869.98,0.01,0.07,0.88,2.15,3.02,48.61,0.05,12.56
SCH_0102,المركز,خاصة,886,51,53.81,29.7,49.17,42.93,45.31,87.23,1.61,44.57,2.35,80.54,0.22,5,8.61,0.25,14.59,4958.82,0.02,0.06,0.5,3.65,4.64,44.13,0.06,8.9
SCH_0103,الشمال,حكومية,1195,60,20.04,25.9,29.78,35.13,33.75,88.74,0.32,33.24,6.23,47.81,0.82,4,3.14,0.12,50.6,4238.82,0.07,0.04,0.58,1.06,4.01,43.31,0.05,10.22
SCH_0104,الغرب,مجتمعية,556,127,73.99,77.61,46.1,75.36,26.93,79.98,1.03,64.82,11.0,86.13,0.66,8,7.0,0.24,51.08,4478.26,0.22,0.05,0.7,2.88,1.4,63.77,0.23,14.24
SCH_0105,الغرب,حكومية,1071,49,80.95,59.48,71.97,57.29,19.13,81.71,8.35,24.38,7.71,55.74,0.33,1,0.0,0.31,34.87,7563.64,0.15,0.08,0.66,4.89,1.0,59.17,0.05,7.82
SCH_0106,الجنوب,حكومية,2173,146,71.79,85.76,42.17,68.48,16.89,78.8,16.25,82.92,15.8,86.96,0.66,3,4.92,0.02,11.32,9852.48,0.1,0.08,0.33,4.23,2.15,63.19,0.07,6.41
SCH_0107,الجنوب,حكومية,2451,94,40.54,21.4,60.43,49.95,36.11,97.68,3.36,34.32,8.95,71.59,0.13,10,2.37,0.24,46.48,7432.95,0.01,0.02,0.37,5.71,2.95,53.73,0.04,7.23
SCH_0108,الجنوب,مجتمعية,751,94,77.49,49.66,62.99,53.64,36.0,86.72,9.0,61.53,10.36,110.34,0.37,8,13.58,0.08,27.31,6252.68,0.09,0.05,0.37,1.39,2.64,58.5,0.13,9.36
SCH_0109,الشرق,حكومية,2010,168,26.93,32.23,12.33,37.19,22.78,99.77,3.34,50.72,6.57,77.81,0.18,5,7.83,0.29,37.64,4281.92,0.08,0.06,0.48,4.29,1.15,46.6,0.08,10.88
SCH_0110,الجنوب,خاصة,522,135,100.0,71.31,90.48,95.01,0.0,72.35,0.16,81.05,22.48,86.31,0.29,4,5.92,0.31,47.41,10645.85,0.11,0.1,0.47,5.03,3.59,70.62,0.26,6.63
SCH_0111,الغرب,حكومية,2428,161,100.0,97.5,100.0,88.48,0.0,100.0,26.7,77.11,20.61,122.9,0.64,6,13.68,0.23,69.64,10477.12,0.09,0.1,0.82,5.44,2.4,81.27,0.07,7.76
SCH_0112,الشرق,حكومية,282,136,0.0,26.63,36.28,13.39,37.95,85.7,0.25,14.76,6.47,28.96,0.07,5,37.77,0.0,21.87,4308.92,0.03,0.02,0.7,2.08,8.11,24.95,0.48,5.79
SCH_0113,المركز,حكومية,461,95,18.24,23.21,11.7,27.49,50.16,90.55,3.27,21.35,8.02,10.05,0.18,3,0.0,0.21,28.25,8467.11,0.01,0.06,0.83,1.0,6.6,35.78,0.21,4.23
SCH_0114,الشمال,حكومية,983,187,16.17,46.88,38.37,21.32,44.93,78.9,0.79,28.89,0.59,40.92,0.14,5,10.65,0.26,50.89,4629.95,0.13,0.06,0.35,1.0,5.74,39.15,0.19,8.46
SCH_0115,الجنوب,حكومية,1423,168,0.0,0.0,0.0,3.98,30.94,90.04,1.12,10.7,0.99,10.0,0.0,4,19.91,0.0,12.59,3061.94,0.09,0.03,0.64,1.0,3.22,19.9,0.12,6.5
SCH_0116,المركز,خاصة,1113,164,80.49,99.06,49.16,94.2,0.0,89.67,4.46,51.53,14.67,93.51,0.78,1,10.46,0.06,55.19,7561.18,0.15,0.06,0.53,9.7,5.09,69.11,0.15,9.14
SCH_0117,الغرب,حكومية,1143,133,59.71,81.33,71.55,83.88,11.42,82.74,2.4,70.51,16.19,125.45,0.49,1,0.0,0.32,38.89,4981.05,0.11,0.04,0.89,4.6,1.0,64.66,0.12,12.98
SCH_0118,الشمال,حكومية,1518,72,74.04,51.24,80.62,59.46,29.06,82.3,1.18,61.28,14.9,94.27,0.36,7,0.0,0.0,25.84,9194.1,0.07,0.05,0.8,5.67,1.29,60.71,0.05,6.6
SCH_0119,المركز,حكومية,1735,77,40.67,89.75,76.26,74.86,12.8,81.2,1.55,72.22,11.91,95.93,0.1,4,11.3,0.0,38.03,6991.22,0.09,0.12,0.91,4.4,3.81,58.16,0.04,8.32
SCH_0120,الشمال,حكومية,888,170,72.64,52.13,75.3,69.84,0.0,93.92,1.57,10.83,18.82,47.45,0.63,1,11.15,0.02,48.01,8135.71,0.17,0.07,0.33,5.15,3.99,57.93,0.19,7.12
SCH_0121,الجنوب,حكومية,1972,186,97.91,100.0,96.74,100.0,0.0,88.6,14.75,70.2,12.35,101.27,0.7,6,7.07,0.2,66.36,12762.83,0.17,0.15,0.8,5.72,1.93,81.19,0.09,6.36
SCH_0122,الغرب,حكومية,1038,114,35.54,48.31,13.85,59.62,31.83,76.49,5.42,22.4,11.99,67.07,0.28,1,17.9,0.0,55.96,5447.44,0.08,0.04,0.68,3.29,2.43,44.85,0.11,8.23
SCH_0123,الشمال,حكومية,1077,185,28.69,28.91,22.08,25.78,56.99,90.28,1.66,8.29,7.95,14.14,0.0,8,22.56,0.0,22.57,500.0,0.08,0.02,0.88,2.65,3.39,30.6,0.17,61.2
SCH_0124,المركز,حكومية,248,179,67.15,79.42,85.28,78.69,13.2,74.21,0.89,63.92,12.11,86.41,0.73,9,10.46,0.03,24.96,8575.37,0.13,0.06,0.66,3.55,7.11,62.11,0.72,7.24
SCH_0125,الجنوب,حكومية,492,80,76.8,67.25,63.43,55.37,38.54,100.0,6.06,14.93,10.59,68.2,0.25,3,11.92,0.26,31.59,7153.1,0.1,0.05,0.68,6.54,2.65,57.32,0.16,8.01
SCH_0126,الجنوب,حكومية,1851,159,1.32,11.67,20.44,26.96,55.76,100.0,0.43,16.1,4.82,37.65,0.0,7,27.45,0.0,7.32,2711.27,0.07,0.01,0.34,3.72,4.67,25.79,0.09,9.51
SCH_0127,المركز,حكومية,735,182,34.46,44.72,43.33,42.6,13.98,78.18,0.73,30.01,1.97,10.0,0.21,5,0.0,0.06,27.76,6366.75,0.08,0.01,0.77,4.15,2.37,41.35,0.25,6.5
SCH_0128,المركز,حكومية,510,180,50.66,67.12,66.52,52.53,38.63,99.45,1.74,27.22,11.04,98.55,0.44,3,25.38,0.47,32.96,8791.03,0.13,0.08,0.49,4.96,2.87,56.17,0.35,6.39
SCH_0129,الشمال,حكومية,736,99,91.1,93.64,51.13,100.0,9.21,96.84,10.01,75.51,17.31,103.95,0.51,5,0.0,0.26,58.04,7437.01,0.14,0.12,0.31,1.25,1.0,76.52,0.13,10.29
SCH_0130,الشرق,مجتمعية,2126,151,49.55,38.5,64.65,44.42,11.12,85.15,0.46,18.01,7.84,38.01,0.0,10,3.82,0.18,0.0,5306.04,0.05,0.11,0.35,4.17,3.47,44.31,0.07,8.35
SCH_0131,الجنوب,خاصة,433,158,21.55,34.5,29.11,31.78,60.75,84.51,0.38,69.01,0.0,28.51,0.24,7,14.9,0.0,18.39,8146.29,0.02,0.02,0.97,1.72,4.88,35.33,0.36,4.34
SCH_0132,الشمال,خاصة,1432,137,69.62,100.0,89.23,78.16,10.58,97.74,2.9,84.11,3.33,73.92,0.64,7,12.96,0.55,31.64,6812.53,0.08,0.06,0.54,5.51,5.02,67.7,0.1,9.94
SCH_0133,المركز,حكومية,2341,16,49.85,30.94,0.0,35.21,3.17,88.22,0.99,29.64,1.21,10.5,0.03,9,0.0,0.02,48.42,5608.77,0.01,0.01,0.91,1.0,2.69,41.1,0.01,7.33
SCH_0134,الشمال,خاصة,2472,120,30.66,28.4,43.52,13.63,34.25,65.28,1.94,0.0,0.99,45.98,0.37,8,22.14,0.0,6.38,500.0,0.01,0.04,0.97,1.81,5.47,29.15,0.05,58.3
SCH_0135,المركز,خاصة,1166,122,72.54,55.84,42.01,61.77,3.15,100.0,2.38,62.19,5.95,94.03,0.57,4,16.64,0.39,42.94,4595.78,0.05,0.09,0.96,2.31,1.0,58.32,0.1,12.69
SCH_0136,الغرب,خاصة,1089,86,54.14,42.99,100.0,46.14,11.67,94.09,2.1,60.32,11.66,87.12,0.43,5,20.89,0.14,34.94,7249.63,0.06,0.03,0.92,4.73,3.22,55.6,0.08,7.67
SCH_0137,المركز,حكومية,2258,185,53.11,100.0,98.99,51.62,15.02,90.24,0.44,50.37,14.45,102.0,0.14,5,3.88,0.18,52.63,9418.23,0.16,0.03,0.93,6.34,1.47,66.5,0.08,7.06
SCH_0138,المركز,حكومية,234,140,81.45,81.32,46.73,84.36,9.53,86.58,0.64,38.28,17.65,78.92,0.5,10,3.69,0.18,50.9,5401.61,0.1,0.1,0.5,4.92,1.0,67.07,0.6,12.42
SCH_0139,المركز,خاصة,646,184,65.44,70.53,78.36,66.6,14.56,89.69,6.64,45.43,10.99,12.35,0.44,2,3.33,0.14,40.43,7490.67,0.11,0.07,0.41,7.39,1.0,59.25,0.28,7.91
SCH_0140,الشرق,حكومية,1963,71,33.51,67.17,37.9,75.2,19.42,100.0,8.13,48.15,14.16,77.11,0.33,7,6.51,0.23,29.15,6325.4,0.1,0.08,0.75,3.17,2.7,58.42,0.04,9.24
SCH_0141,المركز,حكومية,1758,95,53.65,66.17,32.27,48.92,36.28,91.6,0.9,41.86,3.95,62.81,0.45,7,3.42,0.22,5.73,8060.57,0.15,0.02,0.64,4.81,4.16,49.93,0.05,6.19
SCH_0142,الجنوب,حكومية,794,172,17.56,36.59,18.13,41.94,23.57,91.05,0.35,30.64,3.81,77.09,0.11,9,8.49,0.0,32.85,2697.39,0.02,0.01,0.37,1.0,7.89,38.9,0.22,14.42
SCH_0143,الجنوب,حكومية,2225,155,0.0,23.48,20.19,5.43,62.1,76.13,0.13,23.6,0.0,43.7,0.01,9,26.54,0.0,31.33,4646.44,0.01,0.01,0.77,2.96,6.27,26.73,0.07,5.75
SCH_0144,الشمال,حكومية,2476,33,38.53,47.67,70.04,65.55,0.0,88.56,3.66,77.68,15.57,67.57,0.25,4,10.43,0.1,15.44,6141.2,0.09,0.08,0.69,6.84,1.29,53.71,0.01,8.75
SCH_0145,الشرق,حكومية,543,21,51.26,69.26,30.47,60.05,31.98,90.86,4.57,63.85,18.01,50.17,0.24,5,16.29,0.0,17.85,7261.28,0.14,0.12,0.9,5.3,1.0,52.26,0.04,7.2
SCH_0146,الشمال,حكومية,1303,151,15.87,27.57,39.92,32.76,59.09,93.68,1.37,36.7,2.93,61.23,0.16,7,19.36,0.0,33.12,5316.39,0.11,0.02,0.73,1.7,1.69,38.09,0.12,7.17
SCH_0147,الجنوب,حكومية,1619,68,0.0,24.87,10.71,13.86,39.94,83.15,2.78,0.0,0.0,10.0,0.05,10,28.35,0.09,29.52,3531.7,0.05,0.08,0.7,1.0,2.52,27.13,0.04,7.68
SCH_0148,الجنوب,حكومية,1513,118,40.92,20.57,9.88,42.2,29.75,97.05,4.23,60.76,2.17,53.54,0.23,7,22.21,0.28,19.03,7196.23,0.13,0.07,0.61,2.92,6.98,41.47,0.08,5.76
SCH_0149,الغرب,حكومية,1678,100,60.82,77.63,59.49,59.14,1.39,82.66,11.08,70.92,6.98,96.55,0.59,10,0.0,0.34,31.84,7859.59,0.11,0.03,0.62,7.67,2.49,68.95,0.06,8.77
SCH_0150,المركز,حكومية,1351,96,62.55,31.17,98.0,77.58,9.93,92.04,0.26,46.72,3.09,61.16,0.69,8,0.26,0.0,11.89,7269.93,0.09,0.07,0.97,5.44,1.0,55.68,0.07,7.66
SCH_0151,الجنوب,حكومية,2121,75,17.1,22.4,18.53,34.38,60.25,86.87,0.6,21.82,0.0,15.07,0.0,8,16.05,0.04,48.62,4144.68,0.1,0.05,0.4,1.0,2.49,33.38,0.04,8.05
SCH_0152,الشمال,خاصة,1582,101,66.23,13.21,2.08,36.53,41.83,76.76,0.22,32.35,6.84,47.64,0.53,2,15.07,0.0,12.14,5870.79,0.08,0.01,0.61,1.0,1.96,35.1,0.06,5.98
SCH_0153,الشمال,حكومية,2322,16,35.14,36.88,43.67,33.91,42.59,87.36,5.71,13.15,7.41,67.87,0.3,9,11.45,0.1,36.35,5360.96,0.01,0.05,0.76,4.7,3.14,47.03,0.01,8.77
SCH_0154,المركز,حكومية,1769,192,8.32,16.85,0.0,15.73,13.03,81.92,3.89,0.0,0.0,29.34,0.0,4,30.17,0.0,24.22,2128.46,0.07,0.05,0.6,2.24,7.68,23.3,0.11,10.95
SCH_0155,المركز,حكومية,2094,45,88.51,77.9,93.75,100.0,0.0,100.0,4.0,49.24,10.76,69.15,0.47,1,22.43,0.36,66.18,8563.5,0.12,0.1,0.5,4.69,1.0,67.58,0.02,7.89
SCH_0156,الغرب,خاصة,2443,47,56.9,57.19,32.24,26.12,58.25,85.29,0.27,10.41,5.54,72.19,0.27,1,17.94,0.1,18.82,3387.11,0.04,0.03,0.5,1.0,1.0,38.37,0.02,11.33
SCH_0157,الشرق,حكومية,2066,94,90.79,62.99,100.0,82.81,17.94,95.45,1.37,21.79,6.13,118.79,0.13,5,6.73,0.0,43.85,8270.89,0.16,0.07,0.46,4.86,6.03,62.51,0.05,7.56
SCH_0158,الشمال,حكومية,228,25,15.3,0.0,32.82,37.81,39.91,78.78,1.09,6.73,6.62,12.03,0.2,7,24.43,0.0,5.4,4352.67,0.05,0.03,0.54,1.0,1.54,26.47,0.11,6.08
SCH_0159,المركز,حكومية,905,175,49.45,71.77,41.17,72.08,20.53,93.3,3.23,74.08,9.02,148.02,0.49,5,0.0,0.19,10.14,9026.18,0.12,0.03,0.91,4.81,1.0,59.16,0.19,6.55
SCH_0160,الشمال,حكومية,1220,142,56.91,42.14,59.26,90.87,6.49,88.54,1.21,64.63,8.05,68.62,0.26,3,8.13,0.22,49.54,9149.98,0.14,0.05,0.65,10.0,4.5,58.97,0.12,6.44
SCH_0161,المركز,خاصة,2263,149,48.13,41.75,30.15,58.96,27.63,84.26,0.28,24.36,3.89,83.17,0.03,7,21.11,0.0,9.64,4984.98,0.04,0.04,0.47,1.18,3.55,39.42,0.07,7.91
SCH_0162,الجنوب,خاصة,1646,142,55.36,56.53,60.11,78.15,0.0,100.0,5.16,37.67,11.01,86.12,0.43,1,2.5,0.0,35.86,7495.79,0.12,0.07,0.57,4.77,1.2,58.86,0.09,7.85
SCH_0163,الشمال,حكومية,1859,45,65.9,44.03,100.0,70.45,0.0,88.71,1.41,76.89,5.99,44.45,0.83,1,0.0,0.2,54.79,8854.26,0.17,0.05,0.37,7.85,1.0,63.14,0.02,7.13
SCH_0164,الجنوب,حكومية,1166,190,81.56,63.12,95.49,88.29,3.71,90.36,2.48,80.51,1.91,56.98,0.28,2,5.51,0.0,52.36,7586.15,0.06,0.04,0.93,7.14,1.0,62.06,0.16,8.18
SCH_0165,الشمال,حكومية,2476,140,34.35,0.0,61.63,30.41,42.48,94.3,0.36,18.04,3.23,22.84,0.0,1,19.19,0.0,16.27,2999.94,0.05,0.04,0.59,1.37,2.94,28.7,0.06,9.57
SCH_0166,الشرق,حكومية,772,61,20.74,28.08,35.22,24.87,13.63,81.42,4.49,44.01,0.0,10.0,0.11,9,9.5,0.01,3.86,2609.98,0.01,0.04,0.99,1.76,4.48,32.78,0.08,12.56
SCH_0167,الغرب,حكومية,1806,195,71.25,77.34,98.63,100.0,4.02,97.8,4.06,61.3,6.13,120.4,0.89,4,22.02,0.21,56.37,11412.63,0.19,0.08,0.54,5.35,1.0,70.91,0.11,6.21
SCH_0168,الجنوب,حكومية,814,121,0.0,10.26,0.0,15.66,30.18,90.06,5.32,12.39,2.12,10.0,0.0,7,17.76,0.0,43.08,5491.86,0.07,0.02,0.89,1.0,5.11,29.3,0.15,5.34
SCH_0169,المركز,حكومية,525,33,20.49,45.72,33.68,24.56,22.96,89.79,1.95,0.0,3.43,28.73,0.32,5,6.39,0.0,18.55,4564.3,0.02,0.01,0.48,2.75,4.22,36.09,0.06,7.91
SCH_0170,الشرق,حكومية,558,95,40.34,70.75,56.4,66.82,39.99,100.0,10.7,39.92,4.52,38.86,0.26,7,9.31,0.18,25.65,8663.07,0.2,0.06,0.35,6.93,1.0,56.91,0.17,6.57
SCH_0171,الشمال,مجتمعية,2010,137,78.17,59.83,76.63,63.61,20.03,84.67,8.52,49.41,10.3,78.42,0.29,7,18.81,0.08,30.44,1343.73,0.15,0.09,0.32,3.64,2.92,57.18,0.07,42.55
SCH_0172,الجنوب,حكومية,1921,148,58.0,60.86,53.24,86.94,0.0,100.0,3.67,26.85,13.47,10.0,0.25,1,6.25,0.24,51.28,10953.3,0.15,0.06,0.72,5.68,4.02,57.09,0.08,5.21
SCH_0173,الشمال,خاصة,1549,121,75.12,68.25,66.92,70.84,19.87,95.36,10.8,64.55,11.08,16.0,0.35,1,13.39,0.14,58.19,7296.6,0.13,0.03,0.52,3.37,1.72,59.22,0.08,8.12
SCH_0174,الشمال,خاصة,364,63,54.21,69.0,47.97,80.45,0.0,100.0,1.71,78.75,12.93,61.53,0.28,3,0.0,0.26,25.24,8844.07,0.17,0.08,0.61,6.81,1.0,60.97,0.17,6.89
SCH_0175,الشمال,حكومية,1796,87,39.15,32.31,36.05,43.28,41.09,90.66,1.31,43.66,0.0,44.86,0.07,10,32.55,0.22,6.31,4409.57,0.01,0.01,0.87,3.91,4.41,36.02,0.05,8.17
SCH_0176,الغرب,خاصة,1827,64,3.51,0.0,19.12,8.56,63.81,100.0,0.1,51.17,7.31,12.25,0.0,2,29.22,0.14,56.78,6183.58,0.02,0.01,0.47,1.71,7.9,27.0,0.04,4.37
SCH_0177,الغرب,حكومية,1376,95,100.0,89.65,45.12,84.76,21.15,90.19,3.85,70.37,14.42,109.05,0.12,7,16.09,0.43,40.6,6306.74,0.14,0.07,0.52,3.86,1.0,67.93,0.07,10.77
SCH_0178,المركز,حكومية,1350,109,22.4,39.87,12.58,47.51,62.68,92.91,4.07,30.22,1.15,42.61,0.3,3,18.81,0.24,35.6,8704.94,0.04,0.01,0.89,3.44,6.54,39.33,0.08,4.52
SCH_0179,الجنوب,حكومية,392,26,17.86,59.45,0.4,12.24,7.76,98.08,4.14,0.0,3.89,25.79,0.41,7,26.67,0.11,17.52,5634.85,0.06,0.04,0.64,1.0,5.26,34.96,0.07,6.2
SCH_0180,الشرق,مجتمعية,291,37,75.57,100.0,77.58,100.0,11.34,88.64,0.72,72.74,13.06,48.98,1.0,9,0.0,0.18,51.69,9924.27,0.18,0.08,0.88,8.51,1.19,75.41,0.13,7.6
SCH_0181,الشرق,حكومية,338,68,29.01,39.79,3.35,34.68,14.2,96.13,1.73,36.23,4.5,24.6,0.37,1,12.26,0.04,43.79,4532.58,0.03,0.07,0.56,2.18,6.55,37.6,0.2,8.3
SCH_0182,الشرق,حكومية,680,132,27.91,31.24,60.67,16.78,30.85,88.16,0.58,0.0,13.93,32.52,0.1,3,30.19,0.0,34.43,2700.63,0.05,0.04,0.58,1.0,1.65,33.72,0.19,12.49
SCH_0183,الشمال,مجتمعية,1556,73,50.71,44.67,64.33,73.14,22.22,80.68,3.98,39.69,0.0,10.0,0.0,6,26.69,0.17,62.8,8753.78,0.04,0.08,0.42,4.01,3.71,46.52,0.05,5.31
SCH_0184,الغرب,حكومية,539,178,63.06,82.35,80.19,67.52,50.09,80.21,0.7,54.79,2.85,41.5,0.52,9,0.0,0.31,35.56,8397.45,0.01,0.1,0.94,6.37,2.77,60.31,0.33,7.18
SCH_0185,الجنوب,حكومية,1275,17,19.08,46.71,18.37,65.6,24.03,89.29,8.22,50.71,0.0,64.05,0.01,5,14.96,0.04,31.1,9233.66,0.11,0.05,0.93,4.5,1.12,46.21,0.01,5.0
SCH_0186,الشمال,خاصة,998,72,92.9,95.52,100.0,87.01,9.83,100.0,1.14,79.52,12.1,83.38,0.31,3,1.19,0.23,46.87,8072.22,0.12,0.08,0.99,5.22,2.24,71.98,0.07,8.92
SCH_0187,الغرب,خاصة,674,197,65.83,28.93,35.91,9.5,53.62,70.66,0.93,7.6,6.16,15.32,0.31,8,12.3,0.0,33.85,3765.48,0.04,0.01,0.58,1.0,5.19,36.28,0.29,9.63
SCH_0188,الغرب,مجتمعية,1662,71,77.22,78.87,59.1,82.63,12.83,93.88,7.96,62.22,12.72,54.52,0.5,5,9.66,0.25,45.24,10868.48,0.06,0.11,0.87,3.84,1.28,66.94,0.04,6.16
SCH_0189,الجنوب,مجتمعية,804,159,64.47,90.42,50.67,91.53,36.72,100.0,2.73,76.68,10.78,29.21,0.3,6,16.03,0.16,25.18,12528.9,0.11,0.08,0.59,5.73,2.84,59.22,0.2,4.73
SCH_0190,الجنوب,حكومية,1020,181,41.03,42.76,55.03,73.73,31.77,80.43,0.09,41.61,10.52,10.0,0.0,2,15.38,0.06,41.65,6977.34,0.14,0.03,0.62,2.81,1.46,43.28,0.18,6.2
SCH_0191,الجنوب,خاصة,797,104,69.74,45.21,51.21,71.82,32.16,85.98,2.6,40.0,7.6,51.34,0.41,4,6.67,0.08,32.55,5732.39,0.09,0.08,0.88,6.78,2.91,52.61,0.13,9.18
SCH_0192,الشمال,حكومية,1732,69,29.13,7.5,14.85,13.29,10.31,91.91,0.24,32.93,7.21,68.02,0.21,1,24.31,0.15,18.29,6255.62,0.04,0.01,0.42,1.0,4.34,31.74,0.04,5.07
SCH_0193,المركز,حكومية,713,59,91.57,100.0,81.73,100.0,31.86,100.0,20.59,73.11,19.91,96.94,0.88,4,0.0,0.27,49.24,9200.5,0.15,0.08,0.45,7.91,1.0,82.48,0.08,8.96
SCH_0194,الجنوب,حكومية,1726,15,44.87,19.39,48.0,32.79,23.37,100.0,2.67,2.92,0.38,64.22,0.0,1,20.73,0.04,15.65,6548.64,0.01,0.06,0.52,2.79,4.99,35.16,0.01,5.37
SCH_0195,المركز,حكومية,2077,35,14.0,32.64,0.0,66.65,27.38,84.8,0.99,63.42,5.3,10.0,0.29,4,27.73,0.17,16.46,5628.19,0.1,0.03,0.85,5.49,2.89,34.56,0.02,6.14
SCH_0196,الشمال,مجتمعية,1899,35,93.75,90.5,100.0,87.14,0.0,86.72,3.71,44.23,11.74,90.94,0.68,2,0.0,0.19,5.5,11898.89,0.06,0.06,0.56,8.77,1.0,68.69,0.02,5.77
SCH_0197,المركز,مجتمعية,1229,66,34.71,27.36,51.1,32.14,19.07,100.0,0.23,23.02,11.8,10.03,0.1,6,25.19,0.26,55.55,3780.89,0.01,0.02,0.55,3.88,1.0,41.34,0.05,10.93
SCH_0198,الشرق,حكومية,699,96,37.89,47.13,57.04,49.89,5.55,84.24,5.77,48.7,3.86,30.56,0.0,6,0.0,0.01,44.18,7658.91,0.03,0.01,1.0,4.93,4.41,49.46,0.14,6.46
SCH_0199,المركز,حكومية,1884,185,3.87,18.37,22.49,22.92,38.86,91.6,7.16,29.4,9.29,47.71,0.0,8,30.94,0.05,25.86,3798.37,0.03,0.05,0.57,1.0,2.04,33.56,0.1,8.84
SCH_0200,الجنوب,حكومية,916,194,68.13,31.43,87.98,65.32,0.0,100.0,8.28,56.44,2.62,62.7,0.41,9,2.05,0.0,29.89,7079.03,0.08,0.06,0.47,3.17,2.58,59.28,0.21,8.37
SCH_0201,الشمال,خاصة,1341,81,100.0,65.92,79.58,100.0,6.15,99.06,1.85,5.5,18.28,38.86,0.39,8,0.0,0.19,0.99,7805.51,0.12,0.07,0.74,4.74,1.28,62.43,0.06,8.0
SCH_0202,الجنوب,خاصة,1708,127,20.55,41.7,18.41,13.06,53.88,93.66,1.07,5.13,7.86,26.92,0.2,1,25.96,0.0,16.26,6155.5,0.01,0.02,0.86,3.42,3.82,29.24,0.07,4.75
SCH_0203,الشرق,حكومية,865,58,0.0,4.06,34.93,21.41,53.4,96.44,0.08,15.65,1.04,10.0,0.33,3,25.6,0.15,34.38,5687.29,0.07,0.01,0.35,1.12,9.18,26.34,0.07,4.63
SCH_0204,الجنوب,حكومية,2408,174,6.09,0.0,45.09,11.83,54.88,89.52,2.21,0.39,5.07,10.0,0.0,6,14.2,0.12,35.1,4340.79,0.05,0.02,0.73,1.99,6.17,28.9,0.07,6.66
SCH_0205,الجنوب,حكومية,1279,24,59.41,16.98,12.68,49.09,20.52,94.51,2.27,35.91,2.31,10.0,0.44,1,4.44,0.21,39.26,5031.07,0.04,0.03,0.33,4.57,5.59,41.32,0.02,8.21
SCH_0206,الجنوب,حكومية,427,78,55.79,54.72,57.82,54.69,1.55,87.19,2.14,59.89,2.78,110.7,0.27,8,10.79,0.15,37.17,6733.08,0.05,0.01,0.67,2.49,3.61,54.99,0.18,8.17
SCH_0207,الغرب,مجتمعية,348,83,95.93,92.94,66.11,86.36,21.71,100.0,11.04,80.4,21.71,124.21,0.59,6,0.0,0.13,65.91,10944.17,0.1,0.11,0.48,7.09,1.0,80.05,0.24,7.31
SCH_0208,الشرق,حكومية,1269,82,75.19,52.43,66.88,60.81,14.84,93.99,0.68,30.9,5.82,10.0,0.32,1,0.17,0.05,32.13,8837.76,0.07,0.07,0.51,4.52,2.55,50.73,0.06,5.74
SCH_0209,الجنوب,حكومية,1367,42,62.63,45.21,39.98,67.05,20.98,78.73,0.04,33.67,11.72,49.9,0.41,10,12.27,0.4,52.94,1507.69,0.01,0.06,0.63,3.79,5.58,52.31,0.03,34.7
SCH_0210,الجنوب,حكومية,831,195,61.81,52.49,97.76,81.73,10.27,94.3,0.32,91.45,16.57,70.06,0.55,2,0.0,0.44,36.29,7602.43,0.06,0.11,0.95,4.81,3.76,64.68,0.23,8.51
SCH_0211,الجنوب,حكومية,1563,130,32.77,64.46,56.94,68.5,30.62,73.54,0.95,43.57,12.87,50.96,0.48,6,14.53,0.2,24.47,6677.37,0.13,0.06,0.8,7.08,6.37,50.32,0.08,7.54
SCH_0212,الشمال,مجتمعية,612,65,24.25,50.64,39.01,55.54,58.61,94.52,0.11,28.55,8.71,18.16,0.23,10,30.38,0.04,16.34,7003.82,0.07,0.07,0.96,3.15,4.16,38.86,0.11,5.55
SCH_0213,الغرب,حكومية,1955,195,15.91,51.82,65.1,41.55,55.69,86.38,2.08,36.18,8.27,54.89,0.0,8,15.39,0.3,13.78,5140.22,0.13,0.07,0.76,2.62,2.3,43.18,0.1,8.4
SCH_0214,الشمال,حكومية,719,18,82.97,56.42,58.42,82.38,0.0,100.0,1.58,83.21,16.25,101.36,0.56,5,8.03,0.12,51.81,9554.19,0.09,0.09,0.3,4.24,1.0,68.37,0.03,7.16
SCH_0215,الغرب,حكومية,1567,93,81.79,90.29,83.51,58.35,10.47,95.9,0.81,37.82,12.06,101.28,0.02,1,27.73,0.24,29.8,5729.5,0.09,0.05,0.49,6.94,1.0,57.75,0.06,10.08
SCH_0216,الجنوب,حكومية,1302,31,19.53,16.05,4.23,10.75,21.35,94.08,3.48,3.6,2.34,26.8,0.0,10,8.9,0.25,9.57,4703.02,0.01,0.01,0.93,1.0,6.52,31.36,0.02,6.67
SCH_0217,الشرق,حكومية,797,122,36.44,55.87,79.4,56.97,36.34,82.15,0.84,12.3,1.48,73.73,0.0,2,23.04,0.04,47.35,8683.54,0.07,0.09,0.75,5.35,1.5,46.4,0.15,5.34
SCH_0218,المركز,خاصة,1859,88,62.79,49.39,71.73,19.82,32.06,94.08,3.58,22.87,6.99,25.66,0.56,4,26.71,0.23,35.72,2570.58,0.02,0.01,0.99,3.84,1.0,45.31,0.05,17.63
SCH_0219,المركز,حكومية,1885,189,73.67,71.79,74.65,76.81,19.14,87.87,1.89,75.28,17.13,32.62,0.56,4,13.57,0.32,58.41,13620.93,0.13,0.07,0.41,5.57,6.13,63.51,0.1,4.66
SCH_0220,الجنوب,حكومية,2360,198,32.98,0.0,0.0,23.63,32.13,96.12,1.95,11.85,0.0,10.0,0.08,7,31.94,0.07,34.87,7056.5,0.04,0.01,0.51,2.55,3.42,29.15,0.08,4.13
SCH_0221,الشمال,حكومية,2388,37,73.34,83.17,58.83,78.8,0.0,83.31,11.35,93.27,9.74,47.05,0.72,2,9.66,0.07,30.48,8084.49,0.08,0.05,0.55,6.18,1.0,63.84,0.02,7.9
SCH_0222,الشرق,حكومية,2124,32,91.28,93.38,100.0,100.0,0.0,94.69,0.18,72.84,15.35,82.13,0.64,7,0.0,0.16,47.59,7513.48,0.19,0.11,0.53,6.97,4.05,75.97,0.02,10.11
SCH_0223,الغرب,حكومية,929,143,46.18,32.25,25.81,39.37,8.18,79.5,2.17,28.08,13.21,10.0,0.25,7,26.53,0.16,33.17,5285.81,0.15,0.05,0.48,3.04,1.32,41.23,0.15,7.8
SCH_0224,الجنوب,حكومية,788,49,35.61,55.39,81.47,53.14,8.02,90.61,6.52,29.8,1.11,12.16,0.36,7,24.82,0.0,20.03,6391.23,0.13,0.02,0.61,3.81,5.51,44.72,0.06,7.0
SCH_0225,الشرق,خاصة,576,78,75.77,68.59,44.06,57.63,0.0,100.0,3.27,17.76,12.4,44.84,0.26,3,22.01,0.19,20.29,7814.65,0.11,0.07,0.75,4.76,1.45,52.23,0.14,6.68
SCH_0226,الشرق,خاصة,1607,73,30.27,31.28,41.34,59.78,7.48,96.17,1.17,41.36,6.31,79.89,0.08,6,11.95,0.24,25.98,9778.77,0.12,0.05,0.52,4.44,1.0,49.01,0.05,5.01
SCH_0227,الغرب,حكومية,2069,15,0.0,15.74,30.99,21.45,25.92,86.28,1.25,19.49,0.0,25.43,0.28,6,13.99,0.19,55.17,3125.89,0.12,0.01,0.36,1.0,8.49,33.01,0.01,10.56
SCH_0228,الشرق,حكومية,950,145,56.74,3.19,50.54,55.82,37.23,69.04,3.56,27.52,1.01,11.45,0.21,4,17.58,0.0,25.02,6740.2,0.09,0.02,0.8,2.68,5.6,35.57,0.15,5.28
SCH_0229,الشمال,حكومية,826,81,83.5,72.79,91.69,76.96,18.0,88.18,9.39,64.34,7.92,76.04,0.1,1,15.76,0.42,60.89,5640.33,0.08,0.09,0.62,6.5,3.36,64.62,0.1,11.46
SCH_0230,الشمال,حكومية,1829,51,85.42,41.73,47.42,53.49,32.24,93.53,0.14,24.44,9.59,10.0,0.39,9,23.41,0.4,27.17,5485.03,0.09,0.08,0.69,3.98,3.9,48.85,0.03,8.91
SCH_0231,الشمال,خاصة,1194,43,84.65,91.0,100.0,100.0,25.81,89.28,0.33,42.0,11.4,57.72,0.51,2,0.0,0.31,58.42,9607.05,0.16,0.07,0.62,8.6,2.18,70.14,0.04,7.3
SCH_0232,الشرق,حكومية,1783,103,94.59,52.98,88.31,61.59,14.29,100.0,1.6,53.14,13.93,19.36,0.75,9,10.88,0.05,54.26,9218.05,0.05,0.09,0.92,6.77,1.0,64.93,0.06,7.04
SCH_0233,الشمال,حكومية,902,175,11.78,33.32,62.63,63.59,18.47,89.54,0.85,36.13,0.34,52.51,0.29,8,2.0,0.07,46.18,4268.69,0.05,0.09,0.69,1.43,3.84,45.96,0.19,10.77
SCH_0234,الغرب,خاصة,2259,114,12.74,0.0,21.47,49.12,66.2,97.02,0.93,23.78,8.58,25.45,0.0,1,26.36,0.09,36.0,4494.14,0.11,0.01,0.95,2.38,2.11,29.63,0.05,6.59
SCH_0235,الشرق,خاصة,1379,136,33.84,28.77,41.08,5.33,53.38,88.68,0.65,20.39,5.23,15.67,0.0,7,12.07,0.1,46.78,7349.52,0.01,0.03,0.66,1.01,2.0,37.51,0.1,5.1
SCH_0236,المركز,حكومية,676,104,0.0,19.71,10.61,26.86,41.76,84.9,0.57,32.36,0.0,45.22,0.38,10,27.59,0.07,31.99,6796.6,0.01,0.05,0.5,1.67,5.56,32.27,0.15,4.75
SCH_0237,الشرق,حكومية,600,146,44.1,48.36,43.91,46.12,27.72,85.93,0.48,53.1,14.59,17.14,0.27,3,1.74,0.18,59.82,6710.82,0.06,0.04,0.55,3.76,5.49,48.76,0.24,7.27
SCH_0238,الغرب,حكومية,2424,28,61.6,21.69,40.54,44.53,32.3,81.31,9.03,52.42,8.31,58.09,0.09,10,24.29,0.12,8.93,1613.04,0.08,0.08,0.67,4.75,2.59,44.34,0.01,27.49
SCH_0239,المركز,حكومية,256,175,52.46,50.91,24.98,52.94,24.5,98.27,0.52,56.06,10.57,104.49,0.13,10,16.98,0.17,38.71,11167.99,0.01,0.11,0.67,3.95,2.88,55.04,0.68,4.93
SCH_0240,الشرق,مجتمعية,2075,164,70.22,94.85,35.34,87.56,16.9,88.58,0.94,65.99,16.29,40.59,0.68,9,0.0,0.14,45.27,7863.94,0.1,0.08,0.78,8.07,1.0,67.35,0.08,8.56
SCH_0241,الشمال,خاصة,647,190,47.16,51.12,78.37,54.63,30.54,94.57,1.02,50.25,12.93,10.0,0.42,5,18.44,0.11,22.12,6147.74,0.14,0.05,0.46,4.79,2.78,48.03,0.29,7.81
SCH_0242,الجنوب,خاصة,402,145,74.1,80.82,57.03,73.65,3.57,87.9,11.17,95.72,10.03,33.34,0.65,3,1.33,0.13,50.02,6930.26,0.11,0.1,0.76,4.02,3.26,65.94,0.36,9.51
SCH_0243,الجنوب,حكومية,1856,99,61.08,39.37,47.03,61.39,0.0,81.58,5.04,57.61,11.49,64.08,0.36,8,19.39,0.44,13.38,7422.45,0.13,0.08,0.85,3.26,4.44,53.22,0.05,7.17
SCH_0244,الشمال,خاصة,937,165,36.74,45.5,32.04,57.04,0.0,94.11,5.3,20.42,0.0,99.04,0.11,3,10.6,0.36,24.18,7038.76,0.04,0.01,0.77,4.94,4.29,48.12,0.18,6.84
SCH_0245,الجنوب,حكومية,401,35,55.16,26.61,44.45,44.47,38.53,83.98,0.39,2.4,9.41,100.74,0.65,7,0.0,0.23,4.89,8371.89,0.03,0.05,0.64,1.0,1.79,48.26,0.09,5.76
SCH_0246,الجنوب,حكومية,1553,185,52.66,48.31,26.37,57.37,8.01,85.44,5.6,24.36,14.14,61.83,0.14,7,6.05,0.31,54.32,3701.81,0.1,0.02,0.99,1.0,2.51,53.13,0.12,14.35
SCH_0247,الشمال,حكومية,1091,40,80.68,86.42,100.0,85.99,14.97,83.41,2.37,79.71,9.13,110.4,0.66,7,0.0,0.37,41.73,8256.3,0.14,0.1,0.58,6.74,2.55,74.02,0.04,8.97
SCH_0248,الشمال,حكومية,415,55,38.07,18.76,25.24,50.4,14.16,84.76,0.95,48.82,10.13,50.99,0.44,1,29.42,0.14,63.62,9654.6,0.01,0.03,0.37,4.87,5.4,42.47,0.13,4.4
SCH_0249,الشرق,خاصة,222,136,66.86,47.57,93.89,70.08,3.13,91.15,3.25,22.67,17.8,81.35,0.36,5,19.11,0.0,49.92,7621.1,0.05,0.06,0.88,7.38,2.08,60.27,0.61,7.91
SCH_0250,الشرق,حكومية,2402,52,42.19,34.84,56.71,43.38,22.27,86.09,5.21,41.73,8.53,43.04,0.0,1,32.76,0.06,36.9,5029.61,0.13,0.01,0.45,2.28,3.11,40.12,0.02,7.98
SCH_0251,الشمال,حكومية,1409,102,95.99,96.67,73.33,84.86,11.5,99.83,6.76,88.95,17.55,58.82,0.36,7,20.83,0.2,36.05,6913.82,0.08,0.1,0.8,8.75,3.37,70.55,0.07,10.2
SCH_0252,الغرب,حكومية,2496,25,5.56,42.97,27.18,5.62,20.28,88.24,5.79,28.8,0.0,72.18,0.26,8,14.46,0.0,10.54,5466.45,0.08,0.07,0.43,1.81,4.03,37.12,0.01,6.79
SCH_0253,الجنوب,حكومية,948,43,20.38,26.31,38.7,30.93,26.59,100.0,7.5,30.97,0.0,68.38,0.28,7,16.04,0.0,36.34,7044.24,0.02,0.01,0.31,1.0,5.79,42.25,0.05,6.0
SCH_0254,الشرق,حكومية,1004,74,60.41,47.31,84.62,74.39,15.72,95.17,1.1,51.57,17.32,44.47,0.67,1,3.94,0.28,39.26,9494.04,0.1,0.03,0.41,5.41,1.66,60.06,0.07,6.33
SCH_0255,الجنوب,حكومية,333,75,40.9,58.03,73.27,50.32,4.62,76.56,2.0,34.37,12.97,73.91,0.55,3,4.67,0.21,16.25,6294.45,0.1,0.06,0.56,3.12,1.0,51.99,0.23,8.26
SCH_0256,المركز,خاصة,520,161,9.7,63.45,40.41,49.52,53.09,86.96,0.05,45.05,7.98,80.51,0.03,10,0.0,0.0,8.25,6289.57,0.01,0.04,0.37,4.77,7.02,44.03,0.31,7.0
SCH_0257,الشمال,حكومية,633,188,15.68,40.15,45.41,70.43,0.0,90.44,8.32,63.26,8.35,77.06,0.68,3,8.73,0.08,24.97,10857.96,0.02,0.1,0.44,5.11,2.37,53.64,0.3,4.94
SCH_0258,الغرب,حكومية,1245,191,63.91,31.66,58.8,42.48,23.74,84.69,0.57,30.24,8.32,39.82,0.07,7,0.65,0.31,61.11,8360.2,0.07,0.01,0.84,1.12,1.82,51.28,0.15,6.13
SCH_0259,المركز,حكومية,1072,36,15.25,47.73,33.83,48.27,49.81,89.44,6.24,81.69,14.47,81.45,0.35,4,15.02,0.0,64.77,4130.99,0.02,0.02,0.84,1.0,1.0,48.79,0.03,11.81
SCH_0260,المركز,خاصة,2298,92,62.99,41.8,0.0,49.56,10.39,83.8,1.27,1.4,5.41,47.15,0.72,3,36.28,0.14,34.92,672.41,0.11,0.01,0.87,3.12,1.05,38.83,0.04,57.74
SCH_0261,المركز,حكومية,2423,127,86.93,67.67,83.65,76.26,10.43,95.25,1.96,56.03,14.87,57.01,0.52,6,0.95,0.2,44.99,8902.52,0.03,0.12,0.89,1.23,1.0,66.34,0.05,7.45
SCH_0262,الشمال,حكومية,452,199,58.2,67.58,49.6,83.04,19.85,76.16,0.16,36.0,13.01,29.78,0.03,10,10.88,0.27,34.24,9096.88,0.12,0.07,0.59,4.11,5.99,54.13,0.44,5.95
SCH_0263,الشرق,حكومية,1165,137,71.69,77.11,53.28,91.12,6.67,100.0,1.53,57.64,6.04,10.0,0.31,6,18.45,0.06,24.72,5192.88,0.02,0.05,0.91,5.46,1.08,52.98,0.12,10.2
SCH_0264,الشمال,حكومية,938,156,57.51,49.66,51.26,45.35,23.27,77.49,7.75,1.93,4.73,110.33,0.74,10,15.02,0.17,55.97,6561.9,0.06,0.01,0.67,1.98,5.83,55.98,0.17,8.53
SCH_0265,الشرق,حكومية,1329,58,30.21,43.95,15.67,49.58,35.05,87.57,0.09,62.78,14.65,21.63,0.24,5,16.24,0.17,62.13,5744.34,0.02,0.01,0.63,5.73,2.93,44.63,0.04,7.77
SCH_0266,المركز,خاصة,1539,158,32.08,41.14,35.09,38.91,26.84,82.37,1.55,45.96,7.7,61.23,0.46,6,13.3,0.13,16.29,5470.18,0.14,0.04,0.8,4.97,1.7,44.34,0.1,8.11
SCH_0267,المركز,حكومية,501,111,64.77,75.41,73.13,100.0,21.73,95.39,0.14,68.92,8.52,51.85,0.29,3,2.81,0.25,42.6,7473.23,0.05,0.05,0.45,4.32,1.0,61.09,0.22,8.17
SCH_0268,الغرب,حكومية,2177,91,29.24,36.57,1.89,14.04,46.17,85.48,1.2,9.34,1.36,24.44,0.05,10,10.54,0.11,19.08,6941.27,0.02,0.02,0.85,1.0,2.27,33.79,0.04,4.87
SCH_0269,الشرق,خاصة,750,154,3.29,44.42,14.95,6.03,34.25,88.42,0.46,25.54,0.0,27.51,0.04,5,29.95,0.37,17.9,4277.47,0.01,0.08,0.6,3.11,3.45,28.94,0.21,6.76
SCH_0270,المركز,حكومية,1678,69,61.81,49.87,29.46,60.12,35.28,100.0,1.13,57.18,14.82,26.09,0.77,9,0.0,0.57,56.77,5670.18,0.17,0.05,0.39,5.06,1.0,61.55,0.04,10.85
SCH_0271,الجنوب,حكومية,1515,65,38.09,21.44,41.7,56.43,18.79,95.17,6.73,51.19,4.77,68.9,0.18,4,24.66,0.02,12.38,7648.34,0.08,0.01,0.38,1.0,1.0,42.13,0.04,5.51
SCH_0272,الغرب,حكومية,1787,116,82.54,86.3,90.13,81.71,22.48,93.36,2.53,62.13,10.92,74.77,0.11,2,0.0,0.0,51.21,6122.02,0.13,0.09,0.42,6.17,4.18,64.64,0.06,10.56
SCH_0273,الشمال,حكومية,2022,181,91.67,47.45,72.84,64.9,5.79,95.35,1.28,49.76,14.21,83.31,0.88,5,17.94,0.29,50.94,10240.3,0.17,0.03,0.92,3.63,2.42,65.47,0.09,6.39
SCH_0274,الغرب,حكومية,2024,175,43.24,27.31,62.63,53.84,21.83,100.0,3.03,59.03,0.0,90.49,0.33,3,9.75,0.17,31.92,8261.62,0.08,0.1,0.99,5.96,1.82,51.57,0.09,6.24
SCH_0275,الجنوب,حكومية,1364,175,85.9,36.89,90.93,77.47,13.75,98.2,0.62,66.77,9.96,89.81,0.54,3,0.0,0.36,53.68,10513.38,0.11,0.11,0.55,6.62,2.39,67.68,0.13,6.44
SCH_0276,الشرق,خاصة,513,43,81.85,68.92,73.03,92.83,17.75,90.12,1.27,56.24,11.14,71.81,0.13,4,12.13,0.27,44.61,7909.16,0.12,0.07,0.5,5.34,1.0,62.57,0.08,7.91
SCH_0277,الشمال,مجتمعية,383,83,95.31,73.54,95.95,82.36,0.0,100.0,3.34,66.59,9.68,132.36,0.5,4,15.78,0.23,60.47,7190.43,0.14,0.05,0.45,6.21,1.0,70.38,0.22,9.79
SCH_0278,الشمال,حكومية,1887,173,39.62,36.93,42.99,51.65,34.52,92.6,0.91,39.45,3.96,43.36,0.27,5,9.45,0.3,10.58,6296.69,0.04,0.03,0.88,1.0,9.23,40.74,0.09,6.47
SCH_0279,الشرق,حكومية,912,94,26.76,37.17,2.33,16.89,40.31,78.93,2.83,22.4,0.0,19.11,0.0,7,28.13,0.24,19.66,3973.14,0.01,0.01,0.45,1.0,5.4,28.58,0.1,7.19
SCH_0280,الغرب,حكومية,2375,45,2.03,22.66,0.0,0.0,52.83,83.85,1.41,27.73,1.85,10.0,0.15,4,1.42,0.0,19.8,1899.03,0.04,0.01,0.95,3.34,4.65,25.81,0.02,13.59
SCH_0281,المركز,خاصة,1510,126,31.55,100.0,81.73,82.04,19.34,80.86,6.34,54.12,6.41,39.63,0.12,7,0.0,0.11,2.84,7240.35,0.13,0.11,0.77,6.22,1.0,56.55,0.08,7.81
SCH_0282,الغرب,حكومية,470,60,32.79,49.84,70.84,54.68,31.34,71.63,10.29,26.42,8.18,10.0,0.1,9,25.64,0.13,18.45,5707.07,0.07,0.02,0.93,5.79,1.0,44.79,0.13,7.85
SCH_0283,الجنوب,حكومية,1994,111,37.85,46.87,29.14,27.59,5.33,80.32,0.35,28.77,1.6,12.49,0.42,3,15.48,0.1,16.53,2697.93,0.01,0.06,0.69,2.79,7.56,33.82,0.06,12.54
SCH_0284,المركز,خاصة,1010,66,63.19,60.08,41.97,45.34,6.36,91.52,1.49,33.62,5.88,25.03,0.19,5,0.0,0.13,50.86,8236.96,0.16,0.07,0.78,7.06,5.68,53.64,0.07,6.51
SCH_0285,الغرب,خاصة,397,152,38.43,60.98,86.74,52.29,26.07,91.79,1.44,28.06,9.66,49.52,0.25,4,3.55,0.24,26.75,6944.94,0.05,0.04,0.73,1.0,4.04,50.29,0.38,7.24
SCH_0286,الشرق,خاصة,1279,88,59.59,49.27,27.59,61.52,24.85,79.34,0.6,64.9,5.95,81.07,0.36,9,1.7,0.32,24.61,6323.0,0.13,0.02,0.88,4.13,1.0,54.39,0.07,8.6
SCH_0287,الجنوب,حكومية,1426,55,45.03,3.53,24.14,50.55,19.42,69.72,5.19,24.24,11.96,25.21,0.15,5,13.97,0.37,43.51,3402.86,0.07,0.04,0.89,6.29,6.77,41.46,0.04,12.19
SCH_0288,الجنوب,خاصة,1844,91,63.96,74.04,82.34,87.76,28.82,100.0,5.61,14.23,8.97,71.08,0.53,10,5.17,0.28,15.08,5193.15,0.03,0.03,0.71,7.07,3.03,62.14,0.05,11.97
SCH_0289,الجنوب,خاصة,827,145,34.58,40.96,58.98,24.17,34.33,88.13,1.79,35.87,8.78,10.0,0.18,2,20.88,0.0,0.0,8527.13,0.1,0.05,0.74,4.54,5.89,35.18,0.18,4.13
SCH_0290,المركز,حكومية,803,128,48.47,16.7,49.2,36.38,43.49,100.0,2.46,22.91,2.13,115.94,0.0,10,14.41,0.1,26.45,4516.49,0.07,0.01,0.95,3.15,4.52,44.31,0.16,9.81
SCH_0291,الشمال,حكومية,1361,66,27.13,27.51,32.65,26.69,54.32,99.75,0.17,33.68,0.23,72.9,0.02,1,31.68,0.07,6.58,6156.78,0.11,0.04,0.95,1.14,1.33,30.8,0.05,5.0
SCH_0292,المركز,حكومية,1645,176,59.2,81.74,61.05,63.08,20.74,97.56,3.25,75.16,1.71,59.43,0.23,7,12.53,0.28,18.91,8005.66,0.09,0.06,0.76,3.29,1.0,56.58,0.11,7.07
SCH_0293,الغرب,مجتمعية,1280,191,47.06,26.03,42.39,42.45,42.62,88.62,4.61,28.93,2.25,39.59,0.1,1,21.72,0.15,38.03,500.0,0.08,0.01,0.31,1.0,3.09,36.66,0.15,73.31
SCH_0294,الشمال,حكومية,1785,170,23.92,34.87,19.56,40.05,32.39,83.52,2.14,0.0,1.38,10.0,0.12,8,32.41,0.36,38.23,7773.09,0.01,0.01,0.37,2.97,6.27,34.91,0.1,4.49
SCH_0295,الغرب,حكومية,2318,101,36.5,55.12,42.13,56.02,34.77,96.47,1.15,6.51,8.97,50.79,0.4,9,6.81,0.1,49.0,8373.79,0.06,0.09,0.9,5.6,1.0,53.38,0.04,6.37
SCH_0296,الشمال,حكومية,1110,123,60.71,49.51,51.21,51.21,24.58,89.46,4.1,32.47,12.1,39.38,0.0,7,0.0,0.23,53.85,5482.1,0.02,0.02,0.36,4.46,2.21,54.09,0.11,9.87
SCH_0297,المركز,خاصة,793,155,4.3,40.32,4.22,33.79,34.79,82.44,1.19,16.12,6.36,43.86,0.33,9,31.68,0.42,45.09,4453.12,0.01,0.01,0.45,2.74,4.35,37.15,0.2,8.34
SCH_0298,الجنوب,حكومية,1595,83,55.67,56.14,70.41,80.34,0.0,75.23,3.23,80.12,16.2,42.23,0.4,10,8.82,0.12,9.11,5611.61,0.13,0.05,0.46,5.9,3.38,56.52,0.05,10.07
SCH_0299,الشرق,حكومية,799,134,39.74,38.65,52.76,57.82,17.96,89.29,2.33,45.44,2.99,99.25,0.07,6,14.01,0.17,41.61,10118.85,0.04,0.05,0.72,5.89,4.38,51.84,0.17,5.12
SCH_0300,الجنوب,حكومية,713,81,38.5,24.39,70.51,57.49,14.45,97.56,1.5,82.61,5.83,35.86,0.42,7,9.21,0.0,23.4,3832.47,0.1,0.02,0.7,4.93,1.71,47.67,0.11,12.44
SCH_0301,المركز,مجتمعية,2095,75,12.95,0.0,0.0,0.0,57.76,95.81,2.82,0.0,0.0,10.0,0.0,3,17.0,0.03,10.99,2467.09,0.01,0.01,0.5,1.0,8.45,18.7,0.04,7.58
SCH_0302,الشمال,حكومية,2331,85,57.38,65.81,59.9,55.92,36.55,91.78,8.41,53.23,11.6,64.48,0.07,9,17.59,0.07,47.46,5986.65,0.14,0.03,0.45,5.63,1.0,58.54,0.04,9.78
SCH_0303,الجنوب,حكومية,1266,166,49.88,47.67,80.54,59.28,36.06,83.43,0.02,35.38,17.33,77.46,0.76,3,21.01,0.32,10.65,7036.04,0.15,0.1,0.84,1.09,4.86,50.6,0.13,7.19
SCH_0304,المركز,خاصة,2157,165,48.63,63.51,92.28,62.43,59.2,97.84,10.0,49.64,2.44,71.79,0.37,6,18.79,0.19,10.59,9673.19,0.13,0.06,0.95,4.76,1.53,56.15,0.08,5.8
SCH_0305,الغرب,حكومية,1009,44,83.17,41.44,76.95,70.65,9.37,91.62,2.88,89.0,13.56,72.15,0.26,4,16.07,0.06,49.74,11300.69,0.08,0.07,0.34,6.61,2.28,62.07,0.04,5.49
SCH_0306,الشرق,مجتمعية,2380,160,0.0,0.0,6.77,37.64,53.03,83.26,2.84,45.77,7.02,38.17,0.09,9,27.73,0.16,30.87,3031.2,0.01,0.01,0.39,1.0,5.74,29.59,0.07,9.76
SCH_0307,الجنوب,حكومية,1288,110,35.86,41.26,31.03,41.44,12.03,77.4,6.22,33.48,1.61,64.99,0.21,1,16.19,0.15,34.2,6590.91,0.09,0.04,0.75,2.41,3.97,42.29,0.09,6.42
SCH_0308,الشمال,حكومية,489,70,100.0,100.0,41.14,80.3,8.04,100.0,2.73,79.64,13.88,102.65,0.48,9,3.74,0.38,30.2,8624.25,0.11,0.07,0.86,6.26,2.67,73.42,0.14,8.51
SCH_0309,الغرب,حكومية,968,67,31.07,28.99,4.76,26.89,16.18,93.24,4.86,22.96,1.7,15.04,0.24,4,31.27,0.0,38.15,2668.83,0.01,0.04,0.85,2.33,5.38,31.81,0.07,11.92
SCH_0310,المركز,حكومية,670,21,69.02,41.17,52.04,64.72,33.52,96.77,0.68,18.5,6.9,41.53,0.26,10,8.76,0.21,45.21,11346.01,0.05,0.05,0.8,3.44,4.57,54.19,0.03,4.78
SCH_0311,الشرق,حكومية,2396,111,0.0,0.0,13.92,12.04,35.9,79.85,0.44,14.32,0.67,11.32,0.18,5,24.32,0.17,26.54,6953.09,0.1,0.01,0.92,1.0,5.88,24.33,0.05,3.5
SCH_0312,الشمال,حكومية,287,127,44.27,53.19,75.37,67.73,0.0,91.93,4.16,40.22,8.31,48.08,0.35,1,1.23,0.13,21.21,7781.58,0.04,0.07,0.45,4.92,1.0,52.68,0.44,6.77
SCH_0313,المركز,خاصة,989,139,57.04,48.69,45.42,64.25,15.06,89.28,7.1,38.2,13.18,52.5,0.13,1,6.08,0.0,28.42,9616.49,0.1,0.01,0.38,1.0,3.58,50.5,0.14,5.25
SCH_0314,المركز,حكومية,1864,194,87.43,28.81,49.65,81.14,44.81,97.67,8.75,34.3,9.23,64.01,0.16,6,6.59,0.19,51.82,9916.42,0.11,0.08,0.73,4.67,1.02,61.1,0.1,6.16
SCH_0315,الجنوب,حكومية,1509,146,42.27,41.19,66.21,67.5,26.46,100.0,3.9,50.61,5.9,109.04,0.62,10,2.11,0.36,57.72,7320.88,0.07,0.02,0.88,3.87,1.0,63.05,0.1,8.61
SCH_0316,الجنوب,حكومية,1064,176,74.46,69.22,100.0,100.0,21.4,81.55,3.29,70.34,12.39,65.14,0.61,1,12.91,0.41,39.19,9271.59,0.15,0.08,0.71,6.15,1.0,66.36,0.17,7.16
SCH_0317,الشمال,مجتمعية,1493,175,90.48,80.6,78.11,100.0,9.65,84.85,1.83,81.65,2.06,54.86,0.71,2,0.0,0.19,41.59,11936.49,0.21,0.05,0.97,5.64,1.3,67.49,0.12,5.65
SCH_0318,المركز,حكومية,223,135,0.0,14.22,17.82,2.48,39.76,91.67,9.59,18.23,0.0,34.41,0.09,3,22.23,0.0,22.09,2160.37,0.01,0.02,0.86,1.0,5.6,26.32,0.61,12.18
SCH_0319,الجنوب,حكومية,2086,52,63.96,46.97,73.07,44.83,22.17,86.55,1.42,77.6,14.66,58.28,0.38,7,12.29,0.1,40.96,10276.88,0.07,0.07,0.79,3.76,4.74,56.91,0.02,5.54
SCH_0320,الشرق,حكومية,510,136,41.52,89.25,70.22,97.78,12.85,99.68,6.07,100.0,11.52,61.07,0.45,2,0.0,0.17,35.78,8265.77,0.15,0.13,0.34,8.39,3.72,66.88,0.27,8.09
SCH_0321,الشرق,حكومية,1684,40,56.17,50.65,74.24,67.31,9.16,86.89,2.63,30.94,4.93,72.25,0.52,5,8.39,0.21,0.0,9464.12,0.12,0.01,0.38,6.43,3.75,52.68,0.02,5.57
SCH_0322,المركز,حكومية,1431,143,74.25,83.62,57.59,95.84,16.86,83.93,4.38,90.74,14.24,80.8,0.47,9,5.26,0.25,64.64,9231.66,0.13,0.12,0.85,10.0,1.68,73.35,0.1,7.95
SCH_0323,الجنوب,مجتمعية,905,18,35.98,52.35,34.54,41.94,45.48,75.19,1.64,76.44,10.09,88.42,0.06,10,18.61,0.02,59.73,6663.49,0.05,0.05,0.44,6.8,3.63,50.66,0.02,7.6
SCH_0324,الشمال,حكومية,1559,53,76.88,75.53,60.88,65.61,13.5,95.58,13.43,73.6,16.71,38.6,0.51,8,6.18,0.37,30.94,7628.35,0.01,0.05,0.32,2.97,3.51,65.58,0.03,8.6
SCH_0325,الشمال,خاصة,621,68,94.22,65.71,90.54,84.58,0.0,97.82,3.92,84.36,10.87,70.09,0.49,8,9.89,0.28,30.25,8062.23,0.09,0.11,0.94,6.18,1.72,69.58,0.11,8.63
SCH_0326,الشمال,حكومية,1973,175,23.9,23.54,0.0,37.78,26.86,95.16,7.56,0.0,1.46,27.85,0.19,2,17.9,0.14,25.15,4141.16,0.01,0.02,0.92,1.88,4.45,32.57,0.09,7.87
SCH_0327,الشرق,حكومية,1146,47,60.81,59.63,73.33,47.09,53.25,92.25,0.03,25.86,5.83,87.01,0.42,1,13.57,0.0,31.07,8997.62,0.1,0.07,0.45,3.53,7.53,49.36,0.04,5.49
SCH_0328,الجنوب,مجتمعية,1386,34,60.0,100.0,93.79,97.07,0.46,63.49,3.88,60.16,17.97,64.1,0.4,9,6.14,0.0,60.58,4356.97,0.12,0.06,0.85,6.98,1.0,67.84,0.02,15.57
SCH_0329,الجنوب,حكومية,2034,30,70.17,72.67,89.56,55.56,26.25,95.74,5.07,81.43,10.35,78.4,0.36,10,17.49,0.0,40.95,5219.55,0.09,0.05,0.33,10.0,4.88,63.64,0.01,12.19
SCH_0330,الشرق,مجتمعية,1764,163,47.18,55.53,91.29,74.96,17.64,79.24,5.15,32.61,19.68,24.11,0.29,4,3.49,0.11,25.82,5681.24,0.09,0.09,0.5,2.56,1.0,53.96,0.09,9.5
SCH_0331,الشمال,حكومية,1048,187,85.69,78.24,57.11,84.99,10.38,77.25,9.79,55.83,9.98,99.42,0.69,9,2.15,0.3,21.8,5877.84,0.06,0.12,0.74,4.33,3.31,68.57,0.18,11.67
SCH_0332,الشمال,مجتمعية,1789,141,68.39,70.2,8.2,50.44,9.49,74.9,0.02,63.27,17.53,38.53,0.35,7,3.79,0.0,50.41,10085.71,0.16,0.06,0.83,7.93,5.39,56.81,0.08,5.63
SCH_0333,المركز,حكومية,1518,101,73.31,64.19,85.38,71.29,4.22,74.6,0.0,34.45,4.9,81.02,0.41,6,6.06,0.43,47.73,9887.3,0.16,0.01,0.31,3.76,1.0,62.58,0.07,6.33
SCH_0334,الغرب,حكومية,2289,96,82.77,61.52,52.36,63.95,32.05,93.04,2.39,52.06,1.76,78.2,0.12,10,24.74,0.2,53.34,8250.53,0.17,0.05,0.53,5.43,2.79,58.49,0.04,7.09
SCH_0335,الجنوب,حكومية,2147,76,56.46,35.81,16.9,39.01,15.33,83.11,0.09,34.62,5.43,10.0,0.38,9,20.84,0.32,17.35,4493.6,0.09,0.04,0.45,5.23,5.06,40.58,0.04,9.03
SCH_0336,الجنوب,حكومية,1508,45,50.69,33.0,64.57,29.32,30.41,78.15,13.18,59.98,13.65,59.33,0.4,10,0.43,0.03,63.49,9383.44,0.08,0.05,1.0,5.22,3.32,59.0,0.03,6.29
SCH_0337,الجنوب,حكومية,586,56,89.99,87.4,100.0,92.41,6.35,94.19,1.18,85.19,11.12,74.84,0.37,4,0.0,0.35,20.85,6124.51,0.22,0.1,0.77,7.58,1.36,69.85,0.1,11.41
SCH_0338,الغرب,حكومية,2235,26,42.23,23.06,31.04,39.56,44.68,79.47,1.92,39.12,1.9,48.17,0.58,1,20.42,0.11,40.61,9608.92,0.02,0.02,0.58,4.53,4.28,40.64,0.01,4.23
SCH_0339,المركز,حكومية,1361,79,81.41,69.26,98.39,81.82,1.17,100.0,0.28,67.51,17.03,53.15,0.54,5,0.0,0.36,15.17,7186.61,0.08,0.1,0.35,4.56,1.0,65.55,0.06,9.12
SCH_0340,الغرب,حكومية,2225,87,64.43,75.36,34.11,57.02,39.27,100.0,2.67,9.57,11.6,36.41,0.2,6,4.28,0.13,24.3,6245.82,0.05,0.02,0.72,3.32,7.5,49.82,0.04,7.98
SCH_0341,الشمال,خاصة,915,145,35.8,83.53,35.52,91.15,13.26,90.18,1.95,58.2,6.43,105.21,0.41,6,21.14,0.28,64.19,6989.02,0.13,0.11,0.75,6.61,1.0,60.4,0.16,8.64
SCH_0342,الشمال,حكومية,625,129,100.0,47.58,91.26,79.51,52.38,100.0,0.19,59.49,6.69,106.62,0.36,1,0.62,0.38,54.37,5962.6,0.07,0.12,0.87,1.7,2.49,63.59,0.21,10.66
SCH_0343,الجنوب,حكومية,1639,151,65.46,48.27,75.46,50.03,0.0,100.0,1.61,66.96,13.83,34.72,0.7,7,18.41,0.1,31.17,11368.13,0.09,0.04,0.5,8.0,1.0,58.54,0.09,5.15
SCH_0344,الشرق,حكومية,2273,120,16.91,35.79,31.93,43.52,65.81,89.8,1.61,24.54,0.0,95.14,0.43,8,27.24,0.16,24.59,7465.15,0.01,0.01,0.99,3.91,1.0,41.02,0.05,5.5
SCH_0345,الجنوب,حكومية,584,193,69.02,73.12,100.0,92.0,6.74,100.0,20.6,67.02,17.81,10.0,0.59,5,0.0,0.0,46.33,11222.08,0.15,0.1,0.61,6.92,1.0,70.74,0.33,6.3
SCH_0346,الشرق,حكومية,255,30,38.48,75.19,35.13,69.21,18.13,87.07,0.96,57.81,14.02,76.86,0.77,2,0.0,0.32,48.84,5482.38,0.03,0.03,0.51,2.37,1.0,58.22,0.12,10.62
SCH_0347,الغرب,حكومية,305,92,40.38,38.07,32.13,69.75,12.57,75.03,2.91,31.13,0.0,18.2,0.13,2,8.06,0.46,55.79,7332.88,0.04,0.04,0.54,1.97,4.78,44.34,0.3,6.05
SCH_0348,الشمال,مجتمعية,869,139,56.53,73.04,47.81,49.91,0.0,78.43,16.42,23.87,8.88,69.81,0.51,5,0.0,0.0,30.76,8148.67,0.15,0.09,0.66,3.9,1.27,58.56,0.16,7.19
SCH_0349,الشرق,خاصة,575,145,57.89,34.51,28.04,37.31,24.49,83.18,4.8,35.79,0.0,27.32,0.32,7,17.42,0.09,6.37,6003.26,0.11,0.06,0.96,4.43,2.86,40.44,0.25,6.74
SCH_0350,الغرب,حكومية,942,166,71.81,60.54,94.95,57.47,11.69,95.84,19.91,72.67,3.82,35.12,0.35,7,6.53,0.33,42.05,5274.45,0.12,0.13,0.81,1.1,1.0,62.53,0.18,11.86
SCH_0351,الشمال,حكومية,1166,155,85.86,82.15,83.35,87.64,11.56,84.0,15.43,53.39,9.84,60.24,0.45,4,8.02,0.25,37.85,10916.42,0.14,0.09,0.7,8.17,1.25,69.61,0.13,6.38
SCH_0352,الشرق,حكومية,507,144,11.11,21.87,24.28,38.03,52.75,82.41,1.91,18.15,0.0,10.0,0.35,3,31.94,0.11,8.93,5212.58,0.02,0.01,0.41,1.53,2.88,25.49,0.28,4.89
SCH_0353,الجنوب,حكومية,2338,126,17.77,0.0,4.74,31.53,37.79,78.02,3.46,40.7,15.61,32.43,0.35,9,25.64,0.03,33.51,3199.65,0.01,0.03,0.4,1.96,6.18,33.58,0.05,10.5
SCH_0354,الجنوب,حكومية,1001,141,54.01,65.39,86.94,69.53,20.52,86.3,0.46,70.7,14.1,94.45,0.11,7,13.59,0.13,36.37,3854.26,0.08,0.06,0.65,5.72,2.69,58.1,0.14,15.07
SCH_0355,الجنوب,حكومية,309,35,20.4,26.18,8.26,34.37,40.27,98.84,1.7,29.43,11.49,89.76,0.55,2,0.0,0.08,33.9,6383.03,0.01,0.03,0.81,3.02,3.0,43.99,0.11,6.89
SCH_0356,الغرب,حكومية,1864,161,42.33,33.29,22.11,53.14,0.0,92.62,5.68,46.37,6.44,42.48,0.51,1,17.53,0.15,20.87,11233.34,0.08,0.05,0.83,2.38,4.84,44.58,0.09,3.97
SCH_0357,الجنوب,حكومية,539,103,44.11,64.71,40.24,60.01,0.94,85.21,2.43,49.24,7.39,57.21,0.23,2,30.16,0.0,41.78,4346.87,0.07,0.02,0.46,5.11,3.12,45.8,0.19,10.54
SCH_0358,المركز,حكومية,1788,61,27.42,42.55,35.77,42.75,11.29,98.01,3.61,40.22,12.78,68.09,0.04,3,0.0,0.09,10.0,5616.27,0.01,0.04,0.37,1.0,4.09,43.48,0.03,7.74
SCH_0359,الشمال,خاصة,1178,164,64.71,100.0,60.37,96.47,7.01,92.68,5.81,38.39,13.38,61.31,0.67,5,13.2,0.46,30.02,10455.26,0.19,0.03,0.57,5.08,1.0,67.83,0.14,6.49
SCH_0360,الغرب,حكومية,2115,175,69.06,79.55,81.17,75.41,0.0,92.77,1.17,91.97,13.12,43.54,0.5,3,6.65,0.14,36.47,5152.94,0.13,0.05,0.94,5.67,1.84,61.78,0.08,11.99
SCH_0361,الجنوب,خاصة,367,174,55.03,50.09,54.08,49.11,9.78,100.0,7.91,53.27,4.41,118.19,0.5,10,1.57,0.0,64.05,6222.03,0.12,0.06,0.68,4.09,3.06,62.23,0.47,10.0
SCH_0362,الشمال,مجتمعية,756,99,22.11,32.46,67.1,59.23,6.45,86.86,2.08,51.43,2.33,40.65,0.39,9,21.5,0.12,45.59,4502.83,0.04,0.01,0.52,1.0,5.9,44.82,0.13,9.95
SCH_0363,الشرق,حكومية,1104,181,64.69,56.76,74.28,84.09,25.23,98.75,0.93,36.11,10.93,70.7,0.63,10,26.05,0.09,55.41,9461.71,0.1,0.09,0.53,6.65,1.0,62.17,0.16,6.57
SCH_0364,الجنوب,حكومية,304,142,7.38,0.0,44.96,34.66,52.0,92.67,4.56,3.59,3.23,10.0,0.23,4,30.47,0.0,44.0,6290.24,0.05,0.01,0.39,1.0,10.0,28.88,0.47,4.59
SCH_0365,الشمال,حكومية,2247,86,0.0,24.71,14.23,39.9,33.95,86.14,1.46,26.0,0.0,10.0,0.03,7,15.52,0.09,80.97,4933.43,0.04,0.04,0.63,1.71,5.73,32.77,0.04,6.64
SCH_0366,المركز,مجتمعية,2397,56,44.63,30.42,70.38,53.95,0.0,79.18,5.0,6.71,9.82,110.12,0.2,4,2.19,0.05,36.67,5061.69,0.16,0.01,0.85,4.59,1.0,52.12,0.02,10.3
SCH_0367,الشرق,مجتمعية,345,23,57.98,58.73,13.29,55.8,21.93,90.0,2.76,21.2,1.25,62.91,0.37,3,14.19,0.05,56.01,5546.02,0.06,0.04,0.98,3.96,1.37,47.94,0.07,8.64
SCH_0368,المركز,حكومية,1073,39,45.49,63.91,100.0,66.09,23.66,100.0,1.86,35.53,9.45,61.68,0.83,10,18.1,0.21,53.95,6116.84,0.07,0.08,0.65,7.34,5.09,61.99,0.04,10.13
SCH_0369,الشمال,حكومية,498,16,32.09,58.71,66.6,51.73,36.8,96.63,5.85,15.0,0.42,92.53,0.27,1,8.45,0.0,50.16,4595.9,0.11,0.12,0.42,3.95,5.44,50.09,0.03,10.9
SCH_0370,المركز,خاصة,1936,33,30.7,18.41,29.64,37.99,58.52,100.0,2.69,30.58,11.98,10.0,0.29,9,13.2,0.0,57.28,5285.71,0.01,0.04,0.78,3.7,3.9,41.98,0.02,7.94
SCH_0371,الشمال,حكومية,845,34,87.05,81.41,72.53,98.34,27.92,88.85,2.14,60.68,10.1,65.27,0.65,1,33.79,0.33,37.02,9589.2,0.16,0.02,0.83,6.1,1.64,61.72,0.04,6.44
SCH_0372,الشمال,خاصة,837,84,68.12,60.46,36.03,29.17,31.99,95.33,0.37,61.25,2.68,109.22,0.16,1,25.54,0.0,24.81,6848.32,0.01,0.07,0.35,4.5,1.21,45.68,0.1,6.67
SCH_0373,المركز,مجتمعية,2486,31,51.44,28.65,78.36,35.69,24.94,81.11,7.33,10.83,0.5,40.06,0.41,1,26.11,0.0,37.26,5892.5,0.09,0.03,0.9,6.11,6.15,41.98,0.01,7.12
SCH_0374,الشمال,حكومية,983,138,100.0,76.62,100.0,100.0,0.0,95.61,0.17,76.64,7.28,88.23,0.54,5,0.0,0.0,44.24,9409.52,0.1,0.09,0.88,7.47,1.0,72.4,0.14,7.69
SCH_0375,الجنوب,حكومية,1096,103,22.63,28.11,8.56,33.71,61.62,95.59,5.02,0.0,4.8,52.8,0.35,7,13.57,0.0,30.01,4057.02,0.05,0.03,0.63,2.96,6.64,36.9,0.09,9.09
SCH_0376,الشمال,حكومية,570,108,32.69,28.43,18.19,40.67,31.01,96.55,1.47,0.03,11.46,80.43,0.07,7,15.0,0.19,56.33,3413.5,0.11,0.01,0.69,6.35,6.13,44.52,0.19,13.04
SCH_0377,الغرب,حكومية,686,98,65.85,52.57,79.99,78.19,31.42,91.43,3.76,56.61,12.93,17.03,0.8,10,0.97,0.19,29.65,7245.35,0.09,0.06,0.8,7.2,2.73,61.9,0.14,8.54
SCH_0378,الشمال,حكومية,2237,145,39.67,63.09,57.73,54.81,20.67,86.95,8.24,46.18,13.13,53.79,0.18,1,30.77,0.48,27.72,4699.61,0.01,0.03,0.77,2.51,5.48,47.67,0.06,10.14
SCH_0379,الغرب,خاصة,2412,101,39.83,21.07,48.3,34.92,14.3,80.46,0.5,38.38,13.87,86.85,0.31,6,30.56,0.27,32.87,2697.62,0.01,0.07,0.31,4.81,7.64,42.42,0.04,15.72
SCH_0380,الشمال,مجتمعية,1560,65,32.2,69.56,44.71,26.67,20.8,87.83,2.84,10.78,11.75,27.1,0.28,9,8.07,0.0,30.49,6988.6,0.03,0.07,0.39,4.21,3.75,46.98,0.04,6.72
SCH_0381,الشمال,مجتمعية,391,96,43.08,31.04,30.09,23.01,27.42,78.13,4.46,30.54,2.9,24.91,0.0,6,33.82,0.0,2.11,4302.08,0.01,0.01,0.41,5.12,3.48,30.59,0.25,7.11
SCH_0382,المركز,حكومية,929,168,71.7,56.69,100.0,74.28,16.12,89.61,5.96,70.75,11.87,74.37,0.61,4,6.58,0.63,33.35,8600.99,0.17,0.11,0.83,7.02,1.46,68.91,0.18,8.01
SCH_0383,الجنوب,خاصة,2461,198,8.88,14.47,40.98,13.55,36.23,71.09,1.61,23.37,0.0,26.24,0.0,10,49.54,0.18,31.93,5074.14,0.01,0.02,0.61,1.0,4.19,26.27,0.08,5.18
SCH_0384,الجنوب,خاصة,1156,22,56.19,59.08,70.27,70.85,21.64,80.2,3.65,58.54,11.81,14.64,0.45,9,12.08,0.26,58.8,5122.3,0.03,0.01,0.68,5.47,1.02,57.08,0.02,11.14
SCH_0385,الشرق,حكومية,580,179,36.23,40.58,59.78,39.76,47.47,95.86,4.55,51.61,6.8,10.0,0.08,3,20.67,0.13,14.8,6011.08,0.13,0.04,0.84,3.74,4.46,39.64,0.31,6.59
SCH_0386,المركز,حكومية,997,135,63.22,44.42,60.68,59.24,0.0,96.53,6.77,66.11,16.37,62.42,0.28,10,25.01,0.21,19.4,3295.9,0.05,0.09,0.54,5.06,2.31,55.52,0.14,16.85
SCH_0387,المركز,حكومية,438,169,56.95,64.54,35.64,69.02,0.0,88.99,5.58,52.53,5.74,98.01,0.32,4,22.02,0.0,39.36,10477.69,0.11,0.03,0.82,4.73,2.87,55.78,0.39,5.32
SCH_0388,الجنوب,مجتمعية,1305,187,2.13,0.0,6.37,26.37,55.71,88.11,1.21,30.74,6.47,16.61,0.27,4,23.62,0.1,0.0,2099.42,0.01,0.07,0.61,1.57,1.46,22.85,0.14,10.88
SCH_0389,المركز,حكومية,1586,18,27.61,59.0,78.64,62.92,0.19,92.16,21.01,64.57,3.34,37.4,0.4,4,9.66,0.18,30.04,5870.41,0.01,0.01,0.56,7.98,2.47,54.23,0.01,9.24
SCH_0390,الجنوب,خاصة,2449,100,17.8,34.49,40.5,16.23,36.78,90.19,1.4,19.83,1.7,10.02,0.05,6,26.38,0.0,0.0,6728.85,0.01,0.01,0.53,2.16,7.16,27.27,0.04,4.05
SCH_0391,المركز,حكومية,1727,142,13.4,0.0,41.19,5.38,49.07,89.84,0.06,40.07,0.0,68.04,0.05,7,11.81,0.0,46.57,3938.58,0.01,0.01,0.98,1.0,2.56,33.97,0.08,8.62
SCH_0392,الشمال,خاصة,1867,124,40.43,60.26,73.28,70.92,15.93,80.94,1.8,70.58,16.73,46.43,0.46,9,9.93,0.43,28.37,5250.67,0.14,0.11,0.84,4.75,2.05,58.51,0.07,11.14
SCH_0393,الجنوب,حكومية,236,113,44.65,29.93,64.88,47.13,27.38,69.76,0.45,21.79,11.72,60.16,0.3,3,3.14,0.11,57.71,7439.6,0.08,0.03,0.31,5.56,1.0,49.15,0.48,6.61
SCH_0394,الجنوب,حكومية,2196,51,79.16,57.9,79.4,98.52,10.8,84.92,0.57,38.33,9.72,45.96,0.51,8,0.0,0.55,60.87,10020.72,0.13,0.05,0.97,4.97,1.0,67.48,0.02,6.73
SCH_0395,الغرب,حكومية,1625,85,44.48,21.18,64.4,48.86,61.8,88.96,1.18,41.96,9.1,18.8,0.71,8,12.51,0.0,25.9,5371.6,0.01,0.07,0.84,1.19,4.5,43.01,0.05,8.01
SCH_0396,المركز,حكومية,1690,47,43.55,22.13,35.75,45.87,56.79,96.67,0.18,8.25,6.17,65.2,0.35,1,27.66,0.04,15.87,4739.27,0.12,0.06,0.4,1.0,2.99,34.83,0.03,7.35
SCH_0397,المركز,خاصة,1424,45,65.34,41.98,24.48,55.81,16.79,91.44,3.93,38.16,3.78,94.65,0.66,5,22.85,0.0,30.78,5322.36,0.08,0.07,0.35,1.0,6.91,47.99,0.03,9.02
SCH_0398,الجنوب,حكومية,2222,197,59.61,57.58,57.63,42.89,45.59,93.31,0.25,32.12,6.67,67.01,0.23,10,14.1,0.0,30.53,5409.84,0.05,0.03,0.52,1.0,4.44,48.44,0.09,8.95
SCH_0399,الشمال,حكومية,1032,139,39.1,14.1,62.44,23.09,39.11,81.52,0.71,55.57,3.33,10.0,0.21,5,33.23,0.0,36.27,1799.98,0.11,0.04,0.74,1.0,4.84,32.27,0.13,17.93
SCH_0400,الشمال,حكومية,796,26,22.07,27.75,72.82,35.77,38.04,86.77,0.26,28.77,8.4,10.74,0.04,8,13.48,0.12,15.35,4270.7,0.1,0.01,0.73,4.64,2.45,37.8,0.03,8.85
SCH_0401,الشمال,حكومية,899,25,67.58,68.5,70.49,79.2,3.78,92.04,0.26,71.73,8.73,72.38,0.45,8,0.0,0.24,50.76,11132.55,0.16,0.12,0.49,5.12,1.32,67.49,0.03,6.06
SCH_0402,المركز,حكومية,1846,102,65.36,85.8,39.77,69.08,26.41,85.03,1.19,38.79,21.06,62.51,0.3,2,0.0,0.08,42.2,5458.77,0.08,0.1,0.61,4.13,1.0,57.98,0.06,10.62
SCH_0403,الغرب,حكومية,2218,86,72.52,85.11,69.98,84.6,7.14,84.1,3.65,91.83,11.09,18.96,0.37,3,0.0,0.0,37.86,7191.28,0.06,0.11,0.45,3.24,1.0,60.69,0.04,8.44
SCH_0404,الجنوب,مجتمعية,640,46,53.77,60.58,48.43,38.45,18.73,88.3,11.82,58.79,8.24,12.23,0.0,2,20.38,0.38,24.66,4213.24,0.13,0.07,0.34,3.81,4.26,46.77,0.07,11.1
SCH_0405,الشرق,حكومية,2060,71,51.26,85.35,77.83,90.1,1.06,97.78,8.85,68.44,13.87,50.81,0.74,1,0.0,0.18,39.69,9464.83,0.04,0.09,0.66,2.51,3.24,66.6,0.03,7.04
SCH_0406,الغرب,خاصة,1840,180,42.71,27.63,50.91,60.51,44.25,81.91,6.77,0.0,10.41,39.47,0.17,2,19.24,0.0,20.19,8310.95,0.16,0.01,0.54,2.58,4.31,40.68,0.1,4.89
SCH_0407,الشرق,مجتمعية,1729,100,53.08,37.34,53.19,39.39,15.52,87.93,0.65,60.32,7.28,10.0,0.57,10,29.98,0.18,34.66,8575.75,0.07,0.06,0.68,7.8,1.59,48.76,0.06,5.69
SCH_0408,الغرب,حكومية,1294,33,72.23,96.33,95.12,100.0,0.0,100.0,1.35,99.13,14.47,97.59,0.46,6,0.0,0.27,45.16,6074.55,0.07,0.08,0.96,7.69,1.89,75.19,0.03,12.38
SCH_0409,الشمال,حكومية,767,130,68.56,39.23,73.94,88.31,26.67,87.84,0.33,56.22,11.41,67.21,0.55,1,12.29,0.16,44.92,8899.23,0.04,0.11,0.4,5.18,1.0,57.49,0.17,6.46
SCH_0410,المركز,حكومية,435,198,52.66,59.1,24.83,64.84,13.17,91.99,6.15,56.1,6.51,38.04,0.43,6,13.06,0.23,67.29,10720.96,0.04,0.09,0.3,6.94,4.49,56.61,0.46,5.28
SCH_0411,الشرق,مجتمعية,1504,28,1.66,0.45,24.96,18.51,38.03,86.2,0.19,6.0,0.0,26.22,0.21,1,11.29,0.0,24.14,5448.22,0.04,0.04,0.35,1.0,2.18,25.4,0.02,4.66
SCH_0412,الغرب,مجتمعية,1385,47,59.42,59.77,57.99,47.93,37.36,89.12,3.0,12.37,11.93,13.06,0.14,2,24.48,0.28,51.95,7894.83,0.08,0.01,0.62,2.9,1.0,47.64,0.03,6.03
SCH_0413,المركز,حكومية,1232,24,62.76,67.38,84.71,80.42,32.85,100.0,1.2,47.72,18.64,72.14,0.68,8,3.7,0.07,45.56,7216.04,0.05,0.07,0.79,9.3,1.81,67.07,0.02,9.3
SCH_0414,الشرق,خاصة,2307,94,37.39,73.44,56.82,74.94,0.0,93.85,1.09,84.43,1.45,10.03,0.31,6,5.15,0.1,35.64,7923.53,0.08,0.05,0.71,2.84,2.57,52.52,0.04,6.63
SCH_0415,الجنوب,حكومية,2040,78,51.99,67.03,73.13,62.32,13.74,79.3,19.0,76.51,3.13,19.02,0.6,9,28.95,0.3,38.81,10278.96,0.03,0.08,0.65,4.78,1.73,57.93,0.04,5.64
SCH_0416,الغرب,مجتمعية,424,82,64.45,55.75,90.07,90.7,0.0,100.0,6.18,47.7,4.62,65.32,0.18,1,10.49,0.42,42.8,9182.63,0.15,0.07,0.55,6.93,1.0,62.95,0.19,6.86
SCH_0417,الجنوب,مجتمعية,2042,106,35.78,1.67,20.96,32.97,32.12,89.61,4.94,7.76,7.5,10.0,0.0,5,28.21,0.31,31.45,2194.92,0.03,0.02,0.52,1.0,6.82,30.68,0.05,13.98
SCH_0418,الشمال,حكومية,781,139,42.31,39.53,53.14,50.12,30.09,85.97,2.71,74.4,10.24,51.15,0.31,7,28.64,0.28,17.5,4861.5,0.04,0.05,0.56,4.47,1.0,46.1,0.18,9.48
SCH_0419,الجنوب,حكومية,368,185,67.66,69.17,82.14,93.35,4.31,100.0,9.06,44.19,7.23,80.18,0.45,9,0.0,0.19,22.24,11070.05,0.06,0.07,0.73,5.85,1.0,68.57,0.5,6.19
SCH_0420,الجنوب,حكومية,1665,94,52.27,53.09,64.22,54.91,4.08,84.88,3.97,34.56,20.19,124.09,0.46,9,22.23,0.0,48.14,7925.22,0.08,0.06,0.42,6.21,2.12,60.06,0.06,7.58
SCH_0421,الغرب,حكومية,213,73,28.4,22.79,0.0,8.37,29.5,99.6,6.61,0.0,0.0,10.0,0.09,4,17.8,0.24,36.09,3848.29,0.01,0.01,0.84,1.87,2.95,32.19,0.34,8.37
SCH_0422,الشمال,خاصة,2411,194,26.15,23.49,0.0,16.84,54.87,86.96,0.78,0.0,8.99,10.0,0.44,4,16.53,0.24,34.82,2739.29,0.03,0.01,0.7,1.0,7.72,30.37,0.08,11.09
SCH_0423,الجنوب,حكومية,1643,111,27.09,70.83,21.04,62.86,51.09,97.43,3.0,24.34,10.62,10.0,0.37,4,11.31,0.03,35.48,8447.77,0.07,0.06,0.49,6.93,1.01,47.19,0.07,5.59
SCH_0424,المركز,حكومية,2070,33,74.33,52.13,61.2,62.59,0.0,100.0,4.34,35.05,3.74,20.99,0.25,3,4.56,0.31,48.57,10306.06,0.12,0.02,0.65,3.22,5.7,56.1,0.02,5.44
SCH_0425,الشرق,حكومية,1743,163,31.77,23.36,58.41,40.53,28.6,89.74,1.49,8.33,2.86,134.51,0.12,8,24.98,0.05,40.59,7834.6,0.03,0.07,0.97,5.34,6.09,44.12,0.09,5.63
SCH_0426,الجنوب,مجتمعية,1889,36,57.87,52.15,43.51,41.14,38.04,88.81,7.15,63.26,2.52,44.77,0.52,5,16.2,0.36,45.58,9096.48,0.01,0.08,0.31,6.02,5.72,53.96,0.02,5.93
SCH_0427,الشمال,حكومية,1771,23,26.58,20.62,46.0,20.39,35.0,79.37,11.2,0.0,0.0,62.29,0.0,7,12.83,0.01,15.82,4314.78,0.09,0.02,0.44,5.86,8.03,36.89,0.01,8.55
SCH_0428,الجنوب,حكومية,1251,23,68.56,42.86,63.74,43.02,7.91,89.11,2.4,37.78,6.35,80.99,0.42,10,19.05,0.45,18.78,5554.05,0.03,0.14,0.61,4.41,3.12,54.14,0.02,9.75
SCH_0429,الشرق,حكومية,1931,41,0.0,7.93,13.76,7.85,37.35,77.81,1.15,0.0,0.0,10.0,0.0,6,19.51,0.15,17.46,3454.45,0.01,0.05,0.75,1.0,3.32,22.12,0.02,6.4
SCH_0430,الشمال,مجتمعية,645,31,62.39,91.01,77.7,93.46,21.42,90.13,2.55,48.78,9.06,12.43,0.62,9,5.16,0.47,39.61,7712.67,0.1,0.04,0.45,9.45,1.82,66.11,0.05,8.57
SCH_0431,الغرب,خاصة,915,186,72.82,65.13,59.49,56.01,18.11,100.0,6.97,25.19,17.85,73.84,0.24,3,11.84,0.09,32.74,9682.0,0.1,0.08,0.95,3.7,1.59,59.34,0.2,6.13
SCH_0432,الشمال,حكومية,1018,59,26.16,74.19,59.21,71.91,18.25,92.16,4.0,51.16,12.79,10.0,0.48,6,14.12,0.25,10.47,9675.52,0.07,0.06,0.75,3.34,1.0,51.31,0.06,5.3
SCH_0433,الغرب,حكومية,2351,22,11.6,36.41,20.11,19.09,43.57,81.8,0.11,16.26,0.0,41.62,0.08,3,25.83,0.0,49.51,4937.13,0.01,0.01,0.91,1.0,5.56,29.91,0.01,6.06
SCH_0434,الشمال,حكومية,625,160,33.69,53.13,68.52,32.64,22.34,87.28,2.49,59.72,2.75,36.08,0.0,2,11.47,0.25,27.77,2909.02,0.04,0.01,0.53,1.2,3.0,41.39,0.26,14.23
SCH_0435,الشرق,حكومية,1324,139,93.99,66.75,93.17,87.74,20.39,90.08,0.08,55.2,10.55,102.2,0.63,3,12.54,0.39,47.71,5484.18,0.2,0.11,0.88,7.75,1.0,68.66,0.1,12.52
SCH_0436,الشرق,حكومية,1764,137,61.1,58.36,49.41,55.8,20.31,97.89,5.05,68.4,17.11,54.15,0.13,2,11.51,0.49,52.18,6634.34,0.07,0.03,0.56,2.39,2.81,57.68,0.08,8.69
SCH_0437,الشمال,مجتمعية,1049,47,82.14,86.39,53.63,82.58,0.0,91.4,1.65,40.81,5.24,81.89,0.59,2,0.65,0.29,6.18,9743.2,0.06,0.07,0.48,5.12,2.83,60.43,0.04,6.2
SCH_0438,الجنوب,حكومية,1745,15,54.08,60.25,78.79,35.57,58.21,100.0,2.24,35.61,7.56,53.6,0.1,10,0.0,0.26,27.46,6373.6,0.03,0.02,0.94,5.97,4.88,53.94,0.01,8.46
SCH_0439,الشرق,خاصة,1329,20,33.65,30.11,4.9,42.29,32.31,85.78,4.79,61.73,7.28,41.49,0.25,7,26.57,0.03,24.11,9142.99,0.04,0.01,0.36,3.89,1.0,40.78,0.02,4.46
SCH_0440,الغرب,حكومية,1902,55,88.75,100.0,59.77,97.77,0.0,92.38,0.23,100.0,20.16,95.27,0.57,10,1.65,0.36,43.12,7407.44,0.15,0.09,0.96,7.54,1.0,78.28,0.03,10.57
SCH_0441,الغرب,خاصة,2201,197,66.92,63.47,71.2,64.9,36.94,84.2,0.68,84.73,7.9,22.47,0.26,3,11.17,0.13,36.53,5047.12,0.12,0.08,0.62,5.44,1.89,52.49,0.09,10.4
SCH_0442,المركز,خاصة,476,19,100.0,72.6,69.65,100.0,25.14,90.66,2.34,65.34,8.28,75.45,0.8,8,13.64,0.28,67.89,7780.26,0.14,0.01,0.99,7.01,1.0,70.53,0.04,9.07
SCH_0443,الغرب,حكومية,2006,94,14.43,15.94,48.67,44.81,43.41,73.82,0.73,31.81,5.48,91.98,0.17,2,13.5,0.11,38.17,3477.63,0.01,0.03,0.68,1.29,4.15,37.02,0.05,10.64
SCH_0444,المركز,حكومية,2435,32,11.99,28.57,0.0,17.81,50.47,69.76,1.05,28.07,9.28,27.44,0.02,7,6.75,0.0,39.78,5313.77,0.01,0.01,0.83,1.44,5.21,32.42,0.01,6.1
SCH_0445,الشمال,حكومية,2139,191,63.51,51.05,83.88,82.89,50.08,96.46,24.84,58.62,8.33,98.91,0.45,3,9.54,0.2,40.1,6681.31,0.13,0.11,0.3,6.15,3.16,63.68,0.09,9.53
SCH_0446,الشمال,حكومية,2352,96,70.21,43.02,71.61,46.3,7.96,76.56,6.38,24.0,4.08,25.7,0.04,9,14.28,0.11,15.57,3767.77,0.03,0.14,0.65,4.16,2.84,46.69,0.04,12.39
SCH_0447,الشمال,حكومية,745,79,51.19,59.15,50.21,53.94,28.08,93.03,7.4,42.97,7.73,17.83,0.78,7,10.41,0.09,3.16,8132.32,0.05,0.04,0.82,4.67,1.37,50.85,0.11,6.25
SCH_0448,الجنوب,حكومية,309,97,80.98,68.24,24.24,67.44,46.43,87.62,11.03,42.87,1.82,30.13,0.18,9,23.18,0.36,16.93,4116.3,0.13,0.01,0.85,3.63,6.05,50.17,0.31,12.19
SCH_0449,الجنوب,مجتمعية,744,196,57.85,51.0,7.87,49.39,61.55,96.75,1.36,14.5,5.26,10.0,0.36,2,0.0,0.15,38.1,3821.26,0.11,0.05,0.41,2.18,5.12,42.01,0.26,10.99
SCH_0450,المركز,حكومية,942,150,39.17,11.86,35.09,30.36,29.36,74.24,1.03,18.01,10.43,10.0,0.19,6,28.63,0.14,29.56,1875.18,0.04,0.02,0.59,1.0,5.29,31.15,0.16,16.61
SCH_0451,الغرب,خاصة,1489,145,9.84,34.04,21.14,14.97,67.25,92.37,0.74,26.94,8.24,32.79,0.39,5,26.46,0.0,24.59,5220.08,0.02,0.08,0.59,1.0,6.46,30.92,0.1,5.92
SCH_0452,الغرب,حكومية,2075,39,78.56,43.74,68.19,50.13,35.22,93.02,6.4,62.94,7.33,42.97,0.36,2,16.16,0.22,30.56,7127.04,0.01,0.1,0.37,6.87,3.27,53.51,0.02,7.51
SCH_0453,الشمال,خاصة,1288,83,48.93,12.49,26.38,14.08,58.56,90.67,3.22,17.11,12.46,54.01,0.04,4,0.0,0.16,58.5,8774.78,0.07,0.05,0.61,3.67,6.91,44.07,0.06,5.02
SCH_0454,الشرق,حكومية,532,197,79.8,71.26,75.74,73.66,22.12,100.0,1.18,61.5,21.38,69.53,0.1,4,18.13,0.18,31.31,10346.79,0.18,0.06,0.86,4.15,1.38,61.61,0.37,5.95
SCH_0455,الجنوب,خاصة,1736,182,45.58,86.74,17.78,77.74,21.43,92.19,1.89,69.13,13.27,10.0,0.04,8,0.0,0.51,53.81,10524.95,0.23,0.09,0.51,6.18,2.02,61.34,0.1,5.83
SCH_0456,الجنوب,حكومية,1356,96,47.07,65.02,86.93,75.02,47.9,72.47,2.91,57.8,3.23,83.79,0.38,7,2.3,0.0,41.17,8510.95,0.13,0.08,0.6,4.86,3.04,58.2,0.07,6.84
SCH_0457,الشمال,حكومية,791,192,85.26,100.0,68.46,91.9,1.35,96.74,3.34,72.79,2.82,20.53,0.76,5,2.93,0.36,43.52,6747.17,0.12,0.09,0.97,5.15,4.27,67.28,0.24,9.97
SCH_0458,الجنوب,حكومية,982,131,50.43,30.03,53.0,85.21,48.05,93.65,8.41,50.33,16.06,67.39,0.03,9,13.83,0.29,55.94,7523.46,0.05,0.01,0.32,1.91,5.37,56.8,0.13,7.55
SCH_0459,الشمال,حكومية,739,109,10.95,13.51,15.31,37.42,62.56,86.71,1.49,33.42,6.73,13.56,0.59,1,22.22,0.19,52.95,6754.18,0.01,0.07,0.71,4.88,4.98,34.85,0.15,5.16
SCH_0460,المركز,حكومية,1758,47,0.0,42.09,0.0,30.79,59.33,80.49,6.38,0.0,11.51,29.2,0.35,4,28.37,0.09,23.07,5963.38,0.04,0.03,0.82,1.0,5.7,31.02,0.03,5.2
SCH_0461,الغرب,حكومية,1719,125,44.42,75.11,80.92,56.9,23.19,87.26,2.06,43.63,1.03,10.0,0.04,5,20.29,0.24,47.43,5658.35,0.19,0.05,0.83,4.01,4.3,49.05,0.07,8.67
SCH_0462,الشرق,حكومية,818,160,26.77,10.9,39.76,53.86,41.74,99.05,3.73,47.64,2.77,47.2,0.0,8,21.57,0.2,32.61,5647.09,0.1,0.01,0.8,1.0,6.54,39.64,0.2,7.02
SCH_0463,الغرب,خاصة,2033,139,49.7,29.65,44.86,1.3,16.57,80.5,7.61,26.28,9.44,29.75,0.0,3,22.0,0.0,28.7,3137.28,0.1,0.01,0.81,3.84,6.88,36.58,0.07,11.66
SCH_0464,الغرب,حكومية,1191,199,29.08,32.5,17.48,16.82,32.3,73.26,6.32,0.78,0.0,11.49,0.19,5,8.64,0.11,29.61,2440.4,0.05,0.03,0.34,1.08,4.22,32.59,0.17,13.36
SCH_0465,المركز,حكومية,2346,30,60.1,62.38,31.06,78.94,26.4,79.84,0.23,82.19,14.95,14.98,0.38,3,1.03,0.17,29.43,5375.91,0.12,0.01,0.67,5.0,4.69,51.44,0.01,9.57
SCH_0466,الجنوب,خاصة,2370,94,45.48,42.03,81.82,36.23,8.71,88.7,0.74,46.25,5.35,94.1,0.22,7,24.01,0.0,27.34,5833.95,0.01,0.06,0.85,2.98,4.3,47.04,0.04,8.06
SCH_0467,الشرق,حكومية,1816,52,54.37,50.17,58.45,60.67,20.53,100.0,2.27,55.36,7.64,22.8,0.2,10,20.87,0.26,26.29,4144.82,0.11,0.02,0.37,4.61,4.3,49.68,0.03,11.99
SCH_0468,الجنوب,حكومية,1718,183,38.79,5.48,30.44,29.87,65.32,100.0,1.6,36.97,0.0,35.59,0.2,3,25.31,0.0,41.83,4089.49,0.01,0.01,0.31,2.24,7.1,32.15,0.11,7.86
SCH_0469,الغرب,حكومية,721,149,34.67,30.1,28.09,47.45,30.05,93.73,3.13,5.69,6.55,10.0,0.38,7,11.04,0.0,29.15,7274.96,0.02,0.09,0.87,2.74,5.38,40.24,0.21,5.53
SCH_0470,الشمال,مجتمعية,1116,92,82.72,67.36,26.28,62.57,31.92,83.87,11.62,66.7,21.04,180.5,0.38,2,17.31,0.12,20.69,5643.93,0.08,0.04,0.8,4.34,3.8,57.85,0.08,10.25
SCH_0471,الغرب,خاصة,916,195,28.67,17.85,39.13,19.66,50.35,79.63,0.3,40.73,4.39,20.78,0.0,7,9.31,0.0,14.04,3132.52,0.01,0.01,0.59,1.0,4.24,30.62,0.21,9.77
SCH_0472,الجنوب,خاصة,2136,77,67.98,40.78,45.59,78.07,12.01,98.68,2.41,43.79,6.05,48.3,0.6,9,19.09,0.35,0.0,7815.1,0.06,0.1,0.96,3.1,4.99,51.43,0.04,6.58
SCH_0473,الغرب,حكومية,759,126,72.68,85.77,85.4,83.23,10.44,100.0,0.9,21.0,18.15,92.64,0.4,5,3.78,0.25,34.92,8706.29,0.11,0.13,0.84,7.39,2.92,68.15,0.17,7.83
SCH_0474,الشمال,خاصة,1168,103,78.15,66.29,79.77,72.28,20.33,86.3,8.83,58.79,5.84,86.85,0.5,6,25.75,0.4,39.87,6506.0,0.07,0.02,0.98,4.54,2.39,62.69,0.09,9.64
SCH_0475,المركز,حكومية,1277,174,19.95,14.82,37.34,45.74,3.91,99.46,9.75,25.18,13.2,42.49,0.16,10,2.12,0.0,27.15,6719.55,0.05,0.01,0.95,1.12,6.36,46.33,0.14,6.89
SCH_0476,الجنوب,حكومية,1089,52,17.9,67.49,49.9,27.75,43.95,87.21,2.09,1.45,0.0,30.8,0.46,3,32.51,0.25,61.85,7016.02,0.01,0.01,0.64,1.0,8.75,37.98,0.05,5.41
SCH_0477,الغرب,حكومية,992,164,5.19,22.67,54.79,31.91,34.29,93.5,0.31,34.4,5.54,41.09,0.41,10,14.42,0.51,36.98,7230.67,0.03,0.06,0.83,1.0,1.99,44.1,0.17,6.1
SCH_0478,الجنوب,حكومية,1181,158,30.14,37.86,26.24,34.2,43.69,98.37,5.02,44.27,13.94,37.42,0.49,5,10.68,0.18,40.58,5782.7,0.01,0.09,0.77,1.96,1.87,46.96,0.13,8.12
SCH_0479,المركز,حكومية,1001,66,66.74,66.47,60.13,70.1,27.4,78.83,4.43,16.15,4.19,56.08,0.23,5,12.74,0.3,12.4,5953.38,0.05,0.02,0.87,6.32,7.96,49.6,0.07,8.33
SCH_0480,الغرب,حكومية,242,43,54.56,89.16,56.4,58.61,17.11,94.7,1.68,86.51,9.55,37.34,0.25,3,2.8,0.29,32.8,5897.85,0.1,0.1,0.85,3.76,3.2,56.93,0.18,9.65
SCH_0481,الغرب,حكومية,1809,158,61.77,68.91,21.91,39.84,23.61,100.0,8.21,61.98,14.59,14.8,0.53,8,9.6,0.0,30.31,7723.0,0.01,0.04,0.41,5.5,2.86,54.85,0.09,7.1
SCH_0482,الجنوب,حكومية,1977,90,28.57,48.39,41.72,47.41,35.02,84.11,11.47,0.0,0.0,52.89,0.2,6,8.62,0.2,19.01,4765.35,0.01,0.05,0.46,1.67,3.61,42.86,0.05,8.99
SCH_0483,الجنوب,خاصة,549,159,21.97,14.26,54.31,29.53,57.5,79.48,2.35,39.8,9.03,47.47,0.17,3,10.67,0.13,16.79,3911.56,0.07,0.01,0.49,3.62,6.66,35.14,0.29,8.98
SCH_0484,الشمال,حكومية,1767,78,62.72,79.41,100.0,89.48,11.89,96.77,3.62,78.28,11.28,117.0,0.33,1,10.34,0.2,16.31,7570.7,0.05,0.07,0.87,5.54,6.54,61.9,0.04,8.18
SCH_0485,المركز,خاصة,1329,105,60.15,53.55,98.68,81.95,23.56,92.22,1.36,77.53,16.44,62.99,0.65,10,0.6,0.05,19.32,5939.83,0.18,0.06,0.87,2.46,1.0,62.77,0.08,10.57
SCH_0486,الشمال,حكومية,2248,103,73.87,87.06,41.03,87.86,0.0,90.03,3.77,48.72,7.34,70.03,0.67,1,0.0,0.33,56.06,8753.02,0.17,0.07,0.65,5.58,1.22,66.39,0.05,7.58
SCH_0487,الغرب,خاصة,1980,27,73.19,78.95,99.57,75.39,15.8,91.68,2.32,70.26,3.12,24.7,0.38,10,0.0,0.06,37.96,4864.65,0.08,0.08,0.71,9.03,1.28,63.31,0.01,13.01
SCH_0488,الجنوب,حكومية,783,86,20.75,40.94,20.14,17.61,63.6,73.28,0.9,8.42,0.0,15.25,0.0,2,15.85,0.37,17.34,4756.72,0.01,0.01,0.88,4.89,6.48,28.24,0.11,5.94
SCH_0489,الغرب,حكومية,631,198,73.53,44.11,100.0,72.66,18.19,95.88,0.3,50.06,8.65,87.29,0.32,10,18.99,0.25,42.86,9707.03,0.12,0.05,0.52,7.09,3.86,62.98,0.31,6.49
SCH_0490,الغرب,حكومية,2132,19,22.74,35.87,37.43,47.71,11.12,100.0,0.98,18.96,5.77,10.0,0.3,5,5.21,0.0,51.11,5011.11,0.01,0.06,0.34,3.35,6.52,41.83,0.01,8.35
SCH_0491,الشرق,حكومية,2300,26,99.37,100.0,72.7,100.0,0.0,87.61,0.99,28.59,10.15,115.39,0.58,7,0.0,0.17,45.06,12676.19,0.02,0.12,0.64,7.27,2.53,73.64,0.01,5.81
SCH_0492,الشرق,خاصة,1548,183,36.61,16.86,13.58,37.92,19.94,82.16,2.45,41.11,0.0,16.52,0.05,1,17.47,0.07,39.47,5686.99,0.03,0.04,0.94,3.66,8.77,32.61,0.12,5.73
SCH_0493,الغرب,حكومية,2394,17,99.32,100.0,100.0,100.0,15.93,96.19,4.55,73.04,14.24,92.24,0.34,1,0.0,0.66,36.74,6745.95,0.14,0.11,0.85,7.77,1.0,76.96,0.01,11.41
SCH_0494,الجنوب,حكومية,2230,47,76.8,69.81,63.09,70.65,36.75,100.0,3.36,0.0,9.08,70.73,0.33,4,34.08,0.03,26.56,6133.2,0.08,0.08,0.56,5.11,1.16,51.41,0.02,8.38
SCH_0495,الغرب,خاصة,1389,135,60.29,46.24,24.33,35.92,0.0,98.47,1.67,38.84,6.03,46.45,0.45,10,11.71,0.12,39.31,6392.16,0.04,0.07,0.35,4.15,6.14,50.65,0.1,7.92
SCH_0496,الشرق,حكومية,1362,64,76.1,48.08,26.12,82.54,14.08,91.19,2.23,78.68,11.84,111.5,0.43,6,11.0,0.13,69.21,8756.16,0.17,0.04,0.75,4.92,2.08,62.44,0.05,7.13
SCH_0497,الجنوب,حكومية,498,198,18.78,16.99,27.12,4.81,42.81,87.2,4.61,0.0,3.25,37.68,0.06,9,29.73,0.13,47.09,3802.31,0.01,0.01,0.88,1.0,2.12,33.11,0.4,8.71
SCH_0498,الغرب,حكومية,2139,151,25.64,47.7,36.4,32.39,22.66,97.17,1.79,6.4,0.0,21.37,0.0,1,27.79,0.0,36.49,2784.1,0.01,0.01,0.77,1.15,3.82,31.27,0.07,11.23
SCH_0499,المركز,حكومية,988,192,68.44,87.92,45.1,71.1,11.72,84.21,17.37,60.69,8.22,10.0,0.26,10,11.12,0.02,41.72,5348.54,0.12,0.12,0.6,6.79,2.62,60.27,0.19,11.27
SCH_0500,المركز,حكومية,1049,43,62.04,59.05,32.18,67.65,42.0,95.49,2.13,0.0,8.96,85.82,0.51,5,9.41,0.14,57.8,5608.12,0.03,0.07,0.39,4.41,1.35,54.81,0.04,9.77
SCH_0501,الغرب,حكومية,2425,53,47.28,6.95,34.73,13.65,45.33,78.22,2.78,6.62,2.06,10.0,0.0,9,39.84,0.02,38.4,3397.32,0.01,0.04,0.94,2.33,2.67,29.27,0.02,8.62
SCH_0502,الجنوب,مجتمعية,1577,105,100.0,100.0,100.0,84.25,1.78,100.0,0.23,72.09,4.75,107.01,0.84,8,3.64,0.16,10.03,6431.67,0.13,0.09,0.49,5.95,1.0,71.36,0.07,11.09
SCH_0503,الغرب,حكومية,1377,114,64.18,72.14,49.92,72.45,17.28,88.63,4.02,36.64,15.09,74.53,0.38,7,5.63,0.1,22.14,5722.1,0.04,0.02,0.46,2.67,1.0,57.17,0.08,9.99
SCH_0504,الغرب,حكومية,2149,187,15.88,34.5,30.58,47.9,22.49,91.42,6.57,12.58,2.37,42.21,0.0,10,6.5,0.32,39.53,7691.3,0.07,0.11,0.87,3.38,4.38,46.4,0.09,6.03
SCH_0505,الشرق,حكومية,1077,31,5.78,25.19,26.03,29.61,44.2,84.13,7.43,0.0,0.0,48.65,0.22,2,2.72,0.01,0.0,7700.43,0.01,0.03,0.99,1.0,1.0,32.4,0.03,4.21
SCH_0506,المركز,مجتمعية,1338,70,92.25,69.53,77.78,73.68,0.0,97.1,23.41,19.82,9.97,80.71,0.48,9,16.95,0.03,26.06,9066.4,0.05,0.09,0.76,3.03,2.28,64.75,0.05,7.14
SCH_0507,الشرق,خاصة,1777,60,26.4,6.06,8.33,12.72,32.15,85.16,0.82,0.0,0.76,25.47,0.01,8,0.0,0.0,14.19,6704.81,0.01,0.01,0.74,3.66,6.1,30.05,0.03,4.48
SCH_0508,الشرق,حكومية,1846,81,74.74,73.57,100.0,72.03,31.36,100.0,3.47,75.81,13.26,16.86,0.6,10,7.86,0.21,36.66,9732.72,0.11,0.09,0.52,4.63,1.72,66.57,0.04,6.84
SCH_0509,الغرب,خاصة,2103,156,25.74,44.83,46.28,31.1,34.79,99.18,1.71,69.83,8.6,29.44,0.05,10,15.89,0.0,24.16,6643.21,0.01,0.02,0.31,1.0,6.49,41.73,0.07,6.28
SCH_0510,الشرق,حكومية,1582,81,77.68,91.07,87.89,100.0,0.0,84.12,4.04,77.13,17.93,58.23,0.7,9,23.52,0.53,44.32,9010.27,0.13,0.06,0.43,10.0,1.0,74.45,0.05,8.26
SCH_0511,المركز,حكومية,344,37,62.62,55.58,5.6,48.5,19.14,90.28,0.54,45.33,5.61,10.0,0.22,9,0.0,0.24,43.62,5903.6,0.03,0.01,0.71,4.63,2.35,49.52,0.11,8.39
SCH_0512,الشرق,حكومية,1402,108,35.93,21.95,74.67,49.39,36.67,95.71,6.69,19.81,10.01,37.44,0.23,9,3.92,0.36,30.5,5538.18,0.06,0.01,0.41,3.12,2.44,50.31,0.08,9.08
SCH_0513,المركز,حكومية,2061,165,70.84,93.18,83.74,60.17,12.28,87.33,9.13,6.09,1.19,103.81,0.63,3,8.66,0.24,32.2,6755.15,0.08,0.02,0.92,5.65,3.83,62.48,0.08,9.25
SCH_0514,الشرق,حكومية,2054,169,14.89,35.26,28.35,46.94,40.46,98.14,1.81,64.55,10.63,45.36,0.4,7,14.42,0.0,10.08,5544.38,0.06,0.04,0.43,2.28,4.37,40.3,0.08,7.27
SCH_0515,المركز,مجتمعية,2066,68,74.75,94.08,84.99,81.56,1.61,100.0,1.43,50.48,9.67,90.92,0.25,1,0.01,0.46,58.76,9885.77,0.08,0.07,0.67,4.85,5.61,68.63,0.03,6.94
SCH_0516,الشرق,حكومية,1298,152,69.49,57.87,51.58,54.65,5.75,89.79,0.55,58.05,18.04,77.7,0.4,9,10.54,0.03,26.31,7668.07,0.14,0.06,0.66,5.32,1.11,58.89,0.12,7.68
SCH_0517,الشرق,مجتمعية,1351,91,7.0,0.0,21.15,0.0,48.3,93.92,2.67,11.76,7.24,10.0,0.44,9,9.72,0.0,6.92,3428.33,0.01,0.06,0.72,1.0,2.57,28.45,0.07,8.3
SCH_0518,الجنوب,حكومية,1934,30,11.34,16.32,0.0,8.16,40.11,67.4,0.94,33.38,1.54,10.0,0.37,3,24.36,0.07,28.26,4291.61,0.01,0.01,0.53,1.5,8.57,23.38,0.02,5.45
SCH_0519,المركز,حكومية,767,55,80.68,51.88,57.17,80.19,20.02,100.0,10.61,83.5,12.19,27.9,0.3,5,0.0,0.45,32.65,9503.47,0.16,0.01,0.91,8.48,1.0,66.44,0.07,6.99
SCH_0520,المركز,حكومية,2013,112,22.94,53.31,59.2,41.88,41.77,96.39,3.66,39.94,12.37,49.91,0.58,8,14.0,0.29,25.01,7343.56,0.09,0.04,0.61,5.26,4.79,50.9,0.06,6.93
SCH_0521,المركز,حكومية,730,197,24.78,50.55,66.4,45.19,20.81,81.06,3.56,45.87,0.0,77.24,0.47,6,7.09,0.28,38.17,3297.04,0.02,0.08,0.79,2.71,1.18,49.7,0.27,15.08
SCH_0522,الشمال,حكومية,2406,142,53.26,39.67,32.73,56.63,33.96,91.27,2.69,58.29,5.58,69.93,0.05,10,24.53,0.08,27.87,3823.2,0.02,0.04,0.75,4.38,1.0,46.36,0.06,12.12
SCH_0523,الشرق,حكومية,1761,75,27.07,44.7,18.42,28.99,27.46,72.13,0.14,18.53,13.52,10.0,0.24,10,34.2,0.05,64.7,7553.03,0.01,0.08,0.38,1.0,3.25,37.98,0.04,5.03
SCH_0524,المركز,حكومية,880,100,58.4,48.37,70.76,45.58,35.6,83.67,9.23,69.36,11.4,88.47,0.38,9,9.74,0.2,33.22,6224.77,0.1,0.06,0.74,4.73,4.93,59.54,0.11,9.56
SCH_0525,الشمال,حكومية,2270,132,58.74,51.07,27.66,47.72,32.52,97.96,3.22,19.42,2.11,103.26,0.04,3,28.41,0.11,41.86,5089.73,0.03,0.01,0.69,3.65,1.04,45.52,0.06,8.94
SCH_0526,الجنوب,خاصة,1270,114,100.0,100.0,94.41,91.62,0.0,94.23,24.6,76.17,15.57,111.53,0.7,7,0.0,0.41,18.87,9004.24,0.15,0.1,0.93,8.22,1.55,81.16,0.09,9.01
SCH_0527,المركز,حكومية,928,63,20.66,36.73,43.54,65.11,16.9,88.95,2.58,48.56,1.86,89.59,0.76,6,4.1,0.26,20.58,5620.64,0.08,0.05,0.92,3.0,4.83,49.48,0.07,8.8
SCH_0528,المركز,حكومية,1929,194,16.13,14.06,0.0,37.28,40.73,88.02,3.46,0.0,2.28,52.79,0.43,5,35.81,0.17,11.68,5977.58,0.16,0.06,0.41,6.3,1.86,31.87,0.1,5.33
SCH_0529,الشمال,حكومية,2391,16,67.71,33.81,63.49,53.93,37.61,90.39,0.22,75.36,10.62,52.76,0.39,4,15.3,0.0,23.58,4959.42,0.11,0.11,0.36,2.97,1.97,48.41,0.01,9.76
SCH_0530,الشرق,مجتمعية,867,134,64.07,57.61,57.66,71.49,35.63,98.48,3.67,54.14,10.92,35.84,0.28,5,11.1,0.19,42.97,6953.75,0.04,0.08,0.51,6.41,5.81,55.78,0.15,8.02
SCH_0531,الجنوب,خاصة,1812,192,56.11,29.15,29.58,36.83,24.67,82.29,3.86,83.92,7.0,10.0,0.2,4,26.28,0.05,42.25,5058.26,0.01,0.04,0.99,1.0,5.96,39.68,0.11,7.84
SCH_0532,المركز,حكومية,880,137,54.67,48.43,71.45,63.69,3.29,95.18,6.1,96.24,16.41,54.94,0.21,3,10.67,0.23,45.65,8572.37,0.09,0.09,0.32,6.47,1.38,61.4,0.16,7.16
SCH_0533,الشرق,حكومية,1172,100,57.35,61.14,82.55,32.16,19.73,79.83,4.7,31.65,0.01,32.73,0.14,7,14.35,0.01,28.55,6233.97,0.05,0.03,0.77,4.34,4.44,46.85,0.09,7.52
SCH_0534,الجنوب,حكومية,2332,185,28.48,10.56,46.13,19.08,29.61,93.22,0.69,54.03,3.55,16.45,0.0,6,6.01,0.0,17.4,5634.27,0.01,0.01,0.73,1.94,3.26,34.26,0.08,6.08
SCH_0535,الغرب,مجتمعية,1026,91,27.71,20.76,53.09,43.39,0.0,87.66,13.22,58.8,3.6,48.94,0.4,4,9.22,0.23,52.4,5516.65,0.04,0.05,0.75,3.19,5.09,49.38,0.09,8.95
SCH_0536,الغرب,حكومية,496,150,37.84,68.48,48.66,42.86,38.82,89.28,18.04,41.47,4.91,10.0,0.21,9,19.72,0.08,64.89,4340.32,0.08,0.06,0.45,3.97,5.46,49.3,0.3,11.36
SCH_0537,الجنوب,حكومية,1453,73,10.38,0.0,41.71,3.08,39.94,82.75,0.17,0.0,0.0,29.81,0.16,1,22.16,0.11,23.96,8364.76,0.01,0.01,0.46,1.05,5.86,24.65,0.05,2.95
SCH_0538,الشمال,حكومية,2352,26,63.52,100.0,100.0,100.0,12.39,92.02,12.88,42.8,15.86,115.94,0.56,1,11.75,0.17,60.82,8633.53,0.18,0.13,0.6,10.0,1.12,74.77,0.01,8.66
SCH_0539,الجنوب,حكومية,1928,18,7.19,49.11,13.71,42.94,26.12,80.79,1.08,30.72,11.01,49.42,0.03,9,19.26,0.33,36.64,5311.66,0.01,0.07,0.37,1.32,1.7,41.07,0.01,7.73
SCH_0540,الجنوب,مجتمعية,2224,131,16.12,47.33,61.52,45.31,28.39,91.89,3.83,24.12,11.92,10.0,0.3,7,5.58,0.28,44.09,7333.26,0.1,0.01,0.35,2.29,1.0,48.71,0.06,6.64
SCH_0541,الشمال,حكومية,529,109,50.1,38.37,71.07,46.01,16.61,94.06,1.4,41.48,1.41,57.23,0.13,2,0.25,0.18,16.4,9427.32,0.12,0.09,0.36,4.27,2.47,48.25,0.21,5.12
SCH_0542,الشمال,حكومية,1355,139,56.13,70.94,95.75,56.66,17.88,80.69,13.4,78.17,8.89,64.08,0.71,10,7.58,0.16,31.7,6348.96,0.14,0.05,0.7,4.56,2.02,65.18,0.1,10.27
SCH_0543,الشرق,حكومية,2090,55,58.56,83.59,59.83,80.57,3.0,87.01,0.43,71.59,4.51,82.1,0.24,5,2.79,0.33,46.29,5752.69,0.02,0.04,0.58,5.23,4.05,60.84,0.03,10.58
SCH_0544,الشرق,خاصة,581,137,48.7,42.69,47.99,68.92,20.95,90.99,2.56,32.06,2.79,104.01,0.25,4,13.99,0.23,55.43,4539.35,0.1,0.09,0.51,6.74,4.4,52.94,0.24,11.66
SCH_0545,الشمال,خاصة,2385,21,0.0,21.05,0.0,0.87,68.66,80.85,1.22,23.62,0.0,10.0,0.0,1,16.22,0.05,9.65,6634.33,0.01,0.01,0.52,1.0,5.99,19.61,0.01,2.96
SCH_0546,الغرب,حكومية,1042,83,12.74,33.55,25.75,10.54,48.01,85.18,1.02,0.0,4.65,25.04,0.0,9,13.95,0.22,0.0,2295.07,0.01,0.08,0.45,1.0,7.21,27.96,0.08,12.18
SCH_0547,الغرب,حكومية,595,83,36.23,67.93,78.19,85.45,22.6,100.0,4.05,27.98,12.12,37.6,0.39,6,19.65,0.4,31.59,7392.34,0.07,0.04,0.59,1.6,1.0,55.36,0.14,7.49
SCH_0548,الجنوب,خاصة,649,95,65.73,39.84,37.65,55.17,6.25,81.65,0.48,45.96,10.46,75.56,0.04,6,14.5,0.0,49.53,4399.31,0.03,0.01,0.44,1.44,5.28,47.92,0.15,10.89
SCH_0549,المركز,حكومية,1554,44,74.45,63.1,46.23,57.94,33.98,71.41,4.38,22.96,10.32,70.15,0.26,4,5.71,0.0,10.96,3537.91,0.12,0.04,0.79,8.73,1.48,50.33,0.03,14.22
SCH_0550,الجنوب,حكومية,2186,87,25.99,68.51,19.81,71.37,29.53,86.3,15.08,35.87,4.89,67.38,0.45,2,9.96,0.07,20.61,6676.89,0.12,0.08,0.39,6.07,4.83,49.39,0.04,7.4
SCH_0551,الجنوب,حكومية,1508,20,51.64,43.44,88.87,52.52,24.69,88.24,6.14,66.82,14.72,27.08,0.27,8,24.12,0.0,39.94,5231.83,0.03,0.03,0.96,6.6,2.45,52.74,0.01,10.08
SCH_0552,المركز,مجتمعية,1497,103,63.56,64.11,38.32,91.58,18.4,88.04,8.04,68.85,14.46,49.12,0.0,8,10.53,0.2,39.15,6490.29,0.07,0.03,0.36,5.41,1.0,60.0,0.07,9.24
SCH_0553,الشمال,حكومية,2267,161,45.96,60.86,56.07,49.4,23.61,92.01,1.54,31.43,5.22,10.0,0.56,3,18.79,0.24,43.49,10412.6,0.05,0.06,0.96,5.4,4.55,48.97,0.07,4.7
SCH_0554,الغرب,خاصة,2486,80,61.49,48.18,51.23,59.33,36.51,81.42,1.33,4.67,5.1,25.61,0.33,7,5.86,0.14,15.51,7102.38,0.07,0.01,0.88,1.0,4.83,44.21,0.03,6.23
SCH_0555,الجنوب,حكومية,1493,24,38.31,61.6,46.22,64.42,48.3,80.13,2.44,21.54,3.51,66.59,0.33,7,23.94,0.06,28.72,8034.49,0.12,0.05,0.78,5.7,2.37,47.19,0.02,5.87
SCH_0556,المركز,حكومية,2049,158,55.47,51.66,58.16,63.28,26.56,85.28,0.17,84.27,2.06,68.66,0.29,5,33.98,0.34,54.96,8624.55,0.12,0.05,0.94,2.9,1.85,52.05,0.08,6.03
SCH_0557,الشرق,حكومية,385,51,100.0,55.29,50.05,65.5,0.28,86.8,11.94,75.56,13.87,75.08,0.58,5,0.0,0.23,23.19,7718.32,0.11,0.09,0.4,4.56,1.46,66.52,0.13,8.62
SCH_0558,الجنوب,حكومية,1433,91,49.48,84.05,44.59,31.33,11.0,100.0,0.55,69.39,11.78,95.68,0.49,8,0.39,0.2,57.5,5700.91,0.06,0.01,0.42,5.1,1.0,62.38,0.06,10.94
SCH_0559,الغرب,حكومية,1637,91,100.0,60.17,100.0,93.54,18.2,100.0,10.64,73.43,8.18,94.52,0.72,4,5.41,0.43,29.6,9474.87,0.04,0.12,0.48,7.46,1.0,74.84,0.06,7.9
SCH_0560,الشمال,حكومية,452,46,49.82,34.8,67.6,49.02,14.4,75.87,0.29,26.81,0.18,24.98,0.31,1,23.18,0.11,45.43,6297.44,0.13,0.04,0.47,3.55,6.07,40.56,0.1,6.44
SCH_0561,الجنوب,حكومية,218,61,82.24,94.74,82.13,93.79,7.74,78.62,8.16,90.54,8.9,69.55,0.27,1,1.45,0.58,41.57,8200.45,0.11,0.11,0.52,4.52,1.0,71.07,0.28,8.67
SCH_0562,الجنوب,خاصة,1359,124,11.63,37.23,0.0,26.04,33.6,86.56,0.44,43.59,3.92,15.49,0.22,9,8.86,0.0,9.56,4830.58,0.11,0.05,0.7,1.99,8.36,32.09,0.09,6.64
SCH_0563,المركز,مجتمعية,422,185,35.1,44.91,19.64,43.04,16.31,100.0,0.12,18.57,0.0,21.71,0.26,4,15.11,0.41,23.11,4052.11,0.06,0.01,0.32,4.74,6.63,38.5,0.44,9.5
SCH_0564,الشرق,حكومية,202,134,0.0,45.97,48.36,22.37,56.83,91.46,2.97,0.0,7.33,39.89,0.0,1,28.16,0.0,31.56,3448.32,0.12,0.04,0.57,1.0,8.46,29.7,0.66,8.61
SCH_0565,الشرق,حكومية,1459,178,7.2,18.4,5.78,19.89,50.52,86.75,0.86,0.0,8.36,32.8,0.0,2,15.89,0.14,25.95,3740.65,0.06,0.01,0.47,4.24,3.49,28.05,0.12,7.5
SCH_0566,الشمال,حكومية,1053,168,57.42,50.68,61.83,69.69,0.0,87.73,4.91,36.25,11.69,54.18,0.49,10,15.13,0.09,55.91,4926.18,0.02,0.02,0.72,3.36,1.0,57.56,0.16,11.68
SCH_0567,الغرب,حكومية,1688,24,53.9,46.2,77.82,52.66,32.47,98.57,2.82,52.98,11.47,41.05,0.28,7,24.27,0.32,56.39,1762.66,0.04,0.11,0.99,3.97,1.0,52.8,0.01,29.95
SCH_0568,الشمال,خاصة,427,173,94.48,62.29,56.55,74.13,21.48,93.13,0.46,41.75,10.36,88.19,0.32,2,10.63,0.13,22.38,5818.08,0.09,0.1,0.66,8.44,1.08,57.89,0.41,9.95
SCH_0569,الجنوب,حكومية,1877,111,36.31,42.56,40.27,42.81,40.77,100.0,8.9,53.5,8.86,73.91,0.6,1,13.82,0.17,14.23,9659.19,0.02,0.11,0.6,2.12,1.0,49.51,0.06,5.13
SCH_0570,الجنوب,حكومية,698,171,25.48,3.82,34.45,15.24,43.22,73.35,1.54,54.19,0.0,10.0,0.25,10,28.65,0.0,6.0,3679.96,0.01,0.01,0.56,3.59,3.94,27.2,0.24,7.39
SCH_0571,الشرق,خاصة,2085,19,16.12,52.3,74.77,40.04,51.14,92.44,4.26,32.92,13.03,35.4,0.33,9,6.31,0.26,18.67,7389.34,0.01,0.04,0.85,7.19,3.16,49.8,0.01,6.74
SCH_0572,الغرب,حكومية,2215,91,95.15,84.81,66.33,88.73,8.48,88.42,3.04,63.07,9.45,81.99,0.72,5,0.0,0.14,60.34,4298.28,0.12,0.1,0.35,6.68,1.0,70.0,0.04,16.29
SCH_0573,المركز,حكومية,1362,15,10.35,17.21,64.02,31.32,27.83,91.93,2.86,39.91,4.78,52.62,0.28,4,13.29,0.36,39.26,3515.55,0.07,0.04,0.97,1.84,1.75,41.62,0.01,11.84
SCH_0574,الغرب,حكومية,1499,145,63.24,65.78,45.63,51.88,9.75,92.13,1.28,29.52,20.13,54.65,0.17,4,7.27,0.0,27.2,3879.3,0.03,0.03,0.59,2.56,2.48,50.34,0.1,12.98
SCH_0575,الجنوب,حكومية,1276,81,57.91,46.95,41.41,83.13,6.43,94.99,0.84,34.35,7.77,71.34,0.28,1,2.18,0.0,37.57,6734.26,0.19,0.03,0.52,7.34,3.16,53.29,0.06,7.91
SCH_0576,المركز,حكومية,914,177,3.53,0.0,10.33,14.84,31.96,93.35,1.69,0.0,4.5,10.0,0.18,3,41.97,0.16,42.67,8217.92,0.01,0.01,0.98,2.98,3.9,25.56,0.19,3.11
SCH_0577,الغرب,خاصة,1147,29,41.42,47.24,22.77,40.95,30.31,100.0,1.96,13.83,9.46,21.75,0.4,1,35.24,0.05,62.4,7135.27,0.03,0.01,0.96,6.57,3.83,40.65,0.03,5.7
SCH_0578,الغرب,خاصة,1069,107,28.45,21.6,57.41,61.42,21.98,100.0,1.7,56.37,0.53,71.5,0.38,5,9.47,0.14,38.28,9749.25,0.01,0.02,0.75,3.77,3.4,48.69,0.1,4.99
SCH_0579,المركز,حكومية,1270,44,22.15,49.71,100.0,51.23,34.53,89.21,3.6,22.76,1.13,65.35,0.02,5,15.7,0.07,0.0,5352.0,0.06,0.05,0.31,5.35,3.64,42.12,0.03,7.87
SCH_0580,الجنوب,مجتمعية,293,117,51.9,0.0,61.47,42.25,12.18,84.6,3.73,53.71,16.08,58.91,0.4,9,13.28,0.0,36.27,8484.46,0.05,0.04,0.82,3.05,2.33,50.1,0.4,5.9
SCH_0581,الغرب,حكومية,759,96,66.46,50.84,64.18,65.83,4.02,81.82,0.19,63.61,12.84,91.18,0.38,8,19.5,0.19,53.91,11786.2,0.14,0.09,0.53,3.54,1.0,61.03,0.13,5.18
SCH_0582,المركز,خاصة,1975,89,16.32,44.56,41.98,14.81,26.44,90.57,1.09,16.29,3.06,10.0,0.25,5,32.82,0.25,29.65,4246.76,0.02,0.01,0.57,3.92,8.14,32.27,0.05,7.6
SCH_0583,الجنوب,حكومية,2460,185,88.28,71.33,63.0,92.03,41.72,99.84,2.36,81.5,9.57,66.41,0.32,5,0.0,0.4,55.39,7635.66,0.06,0.06,0.41,9.8,2.36,68.87,0.08,9.02
SCH_0584,المركز,خاصة,635,74,82.53,73.34,65.74,80.65,7.01,82.31,0.45,45.94,13.75,114.61,0.88,7,9.51,0.28,49.66,6035.45,0.21,0.09,0.67,4.44,3.15,68.08,0.12,11.28
SCH_0585,المركز,مجتمعية,1051,54,62.64,93.63,72.99,92.96,11.74,100.0,1.14,44.02,13.26,85.22,0.5,2,0.0,0.39,23.84,7598.98,0.13,0.05,0.82,3.88,1.36,65.02,0.05,8.56
SCH_0586,الغرب,حكومية,404,171,47.24,0.0,12.08,25.17,43.67,85.22,0.12,22.53,2.68,12.01,0.0,7,40.0,0.0,9.8,3886.74,0.01,0.01,0.49,1.0,5.05,23.09,0.42,5.94
SCH_0587,الجنوب,مجتمعية,1299,88,44.29,44.63,7.31,36.07,56.7,78.27,16.73,0.0,10.32,25.62,0.33,1,21.11,0.05,25.14,9384.24,0.06,0.01,0.96,4.57,4.99,39.2,0.07,4.18
SCH_0588,الغرب,خاصة,276,135,73.61,89.32,65.57,90.26,0.0,85.38,5.54,57.66,6.42,109.74,0.6,5,0.0,0.27,57.49,5429.35,0.13,0.07,0.44,3.47,1.0,69.45,0.49,12.79
SCH_0589,الشمال,خاصة,1015,161,59.28,74.17,64.1,69.57,15.61,84.15,0.37,65.4,5.04,13.87,0.53,6,5.84,0.18,28.61,7808.44,0.03,0.12,0.35,5.81,1.0,55.13,0.16,7.06
SCH_0590,الشمال,حكومية,967,17,85.37,49.41,100.0,71.04,0.0,84.7,0.08,83.08,15.88,79.9,0.23,10,4.34,0.18,48.16,4347.01,0.11,0.03,0.75,4.51,1.0,65.92,0.02,15.16
SCH_0591,الجنوب,خاصة,305,50,28.82,31.58,14.77,55.7,0.0,93.62,4.09,62.82,16.66,38.64,0.47,1,20.09,0.0,36.75,4990.95,0.04,0.08,0.89,4.65,2.65,44.29,0.16,8.87
SCH_0592,المركز,خاصة,2335,57,36.88,90.66,22.23,70.75,14.01,96.91,2.02,37.36,11.71,12.38,0.23,9,22.93,0.0,58.78,7119.58,0.1,0.07,0.97,2.4,1.24,51.55,0.02,7.24
SCH_0593,الغرب,حكومية,1946,157,76.75,43.99,54.86,76.12,30.51,100.0,5.47,56.48,14.19,99.85,0.3,9,0.68,0.28,34.78,7619.59,0.04,0.1,0.84,5.65,3.58,65.09,0.08,8.54
SCH_0594,الغرب,مجتمعية,1665,183,28.72,73.06,51.28,34.42,23.9,82.24,7.32,6.52,3.87,10.0,0.0,1,36.32,0.12,2.16,6156.47,0.01,0.12,0.44,1.94,4.47,33.31,0.11,5.41
SCH_0595,الجنوب,حكومية,444,129,40.69,77.78,63.18,65.98,29.86,92.96,3.26,32.85,9.15,55.78,0.22,4,28.02,0.29,45.35,7444.91,0.16,0.1,0.98,2.3,5.66,52.32,0.29,7.03
SCH_0596,الجنوب,حكومية,1605,123,48.79,56.49,54.76,56.68,27.25,84.69,0.72,66.32,8.57,64.56,0.2,8,4.07,0.08,66.68,7570.04,0.13,0.08,0.94,4.02,8.03,54.87,0.08,7.25
SCH_0597,الشمال,حكومية,1181,104,42.11,33.82,23.59,46.33,33.23,88.1,4.39,22.69,4.13,10.0,0.27,2,18.39,0.0,39.49,5146.76,0.01,0.01,0.41,1.0,1.71,37.2,0.09,7.23
SCH_0598,الشرق,حكومية,1936,178,92.17,75.88,96.38,95.47,27.55,81.44,13.99,69.48,19.48,91.17,0.39,8,21.39,0.25,33.04,6704.01,0.18,0.05,0.69,5.51,1.32,71.32,0.09,10.64
SCH_0599,الجنوب,حكومية,341,98,60.69,44.74,62.61,58.73,18.02,80.62,2.94,16.19,12.49,39.34,0.0,10,25.81,0.27,17.59,2521.72,0.07,0.06,0.69,4.36,3.53,45.78,0.29,18.16
SCH_0600,الشرق,حكومية,1092,91,15.31,23.73,28.91,26.11,38.68,94.83,3.46,35.7,3.11,63.7,0.25,9,13.12,0.07,15.92,4290.57,0.02,0.01,0.61,1.0,3.93,37.29,0.08,8.69
SCH_0601,الجنوب,مجتمعية,1591,175,75.4,60.21,42.19,64.96,0.0,79.25,1.58,64.01,0.95,166.57,0.32,9,17.85,0.3,68.4,7011.95,0.04,0.08,0.99,1.0,1.0,58.43,0.11,8.33
SCH_0602,المركز,حكومية,744,19,37.18,19.43,21.02,51.99,31.55,93.91,1.54,46.35,5.66,50.02,0.09,1,45.01,0.0,27.05,8298.46,0.01,0.01,0.34,1.0,1.77,32.96,0.03,3.97
SCH_0603,المركز,حكومية,2399,92,62.95,40.37,79.19,75.01,15.34,85.75,5.11,25.06,3.47,79.73,0.39,9,10.65,0.16,28.54,7111.57,0.06,0.1,0.74,7.58,2.78,57.44,0.04,8.08
SCH_0604,الشمال,حكومية,1669,105,85.86,87.23,36.83,83.47,0.0,76.37,10.59,74.17,10.28,38.46,0.05,4,1.75,0.19,37.94,7346.83,0.05,0.06,0.44,5.26,1.0,62.63,0.06,8.52
SCH_0605,الشمال,حكومية,962,101,81.23,46.5,100.0,78.96,20.63,71.76,4.09,36.59,5.22,77.13,0.55,8,9.05,0.4,36.45,8719.23,0.04,0.07,0.67,4.59,2.08,62.62,0.1,7.18
SCH_0606,الشرق,مجتمعية,823,28,62.48,70.51,48.09,56.42,10.31,100.0,5.8,45.25,14.87,46.03,0.31,9,13.16,0.2,60.68,6465.2,0.03,0.03,0.85,6.47,2.08,60.86,0.03,9.41
SCH_0607,الجنوب,حكومية,855,118,60.7,62.04,96.65,98.91,30.75,78.8,0.89,40.0,16.99,113.82,0.49,3,0.0,0.53,31.92,10953.09,0.15,0.03,0.47,6.43,1.0,66.94,0.14,6.11
SCH_0608,الغرب,خاصة,1447,97,90.81,100.0,100.0,100.0,0.0,93.63,1.13,69.61,17.02,48.71,0.74,6,6.54,0.07,65.16,13363.35,0.14,0.13,0.58,7.86,1.0,75.41,0.07,5.64
SCH_0609,الشمال,حكومية,242,189,41.68,50.34,39.78,61.22,27.0,93.18,2.74,22.69,13.38,21.25,0.21,3,0.0,0.18,37.87,11123.38,0.11,0.09,0.97,4.33,3.11,50.76,0.78,4.56
SCH_0610,الغرب,حكومية,1226,68,98.96,100.0,79.1,87.45,6.49,83.32,0.9,61.66,15.2,123.7,0.58,1,0.0,0.29,64.59,9374.77,0.13,0.08,0.83,6.12,1.0,73.68,0.06,7.86
SCH_0611,الغرب,حكومية,1860,146,69.72,49.87,57.49,57.68,18.36,86.06,3.67,45.08,10.96,61.15,0.3,10,18.87,0.26,60.2,7513.5,0.02,0.07,0.7,4.98,3.03,57.97,0.08,7.72
SCH_0612,الجنوب,حكومية,1491,109,24.88,0.0,12.34,31.47,27.35,91.77,0.99,40.08,11.59,69.13,0.82,6,0.1,0.0,30.1,8216.77,0.07,0.02,0.46,3.9,6.91,43.43,0.07,5.29
SCH_0613,الشرق,حكومية,795,23,14.36,21.55,3.02,4.38,38.85,89.78,4.28,35.35,2.98,35.28,0.24,5,27.94,0.33,22.58,4405.88,0.01,0.03,0.6,1.58,5.06,30.56,0.03,6.94
SCH_0614,الجنوب,حكومية,1212,67,90.15,69.2,47.25,81.81,32.53,88.0,6.61,6.7,13.05,82.1,0.17,3,0.0,0.2,41.03,9034.51,0.13,0.09,0.84,4.42,2.64,62.61,0.06,6.93
SCH_0615,الشمال,حكومية,2424,91,55.48,62.54,88.71,72.62,0.0,93.35,2.45,65.18,4.41,55.24,0.74,4,0.0,0.03,37.94,5246.27,0.04,0.08,0.87,4.48,3.76,58.82,0.04,11.21
SCH_0616,الغرب,خاصة,2310,74,58.38,84.92,84.26,86.58,0.0,91.81,0.86,65.16,11.84,70.49,0.67,2,0.94,0.23,18.03,7719.14,0.08,0.12,0.47,1.51,1.0,61.83,0.03,8.01
SCH_0617,الجنوب,حكومية,1157,60,57.0,61.03,53.63,71.29,0.0,84.19,4.25,44.39,21.72,98.43,0.43,10,10.5,0.16,64.14,10176.74,0.09,0.09,0.76,6.13,5.27,65.75,0.05,6.46
SCH_0618,الجنوب,حكومية,760,68,16.64,6.02,42.42,33.33,21.06,97.1,13.56,2.37,7.82,20.67,0.06,10,32.01,0.49,31.18,3311.35,0.07,0.03,0.37,1.0,2.39,38.7,0.09,11.69
SCH_0619,الجنوب,حكومية,1530,88,19.71,17.63,17.87,27.57,38.83,89.92,2.9,24.85,4.46,68.14,0.0,4,17.42,0.26,12.34,5027.96,0.06,0.01,0.32,3.87,5.8,33.7,0.06,6.7
SCH_0620,الشمال,حكومية,1512,126,72.71,52.3,21.02,59.29,28.82,76.27,0.14,52.64,10.33,56.74,0.45,4,7.53,0.19,7.0,4053.83,0.09,0.05,0.68,4.62,3.89,46.56,0.08,11.48
SCH_0621,الشرق,خاصة,2021,109,61.58,86.69,100.0,100.0,18.7,98.63,0.08,83.2,14.08,59.16,0.43,3,7.16,0.27,13.45,13630.06,0.24,0.12,0.46,7.77,1.0,66.03,0.05,4.84
SCH_0622,الجنوب,حكومية,1750,179,81.17,100.0,100.0,100.0,11.87,89.52,1.87,71.58,15.32,56.28,0.39,6,0.0,0.43,59.88,12134.37,0.05,0.05,0.36,8.95,2.35,74.98,0.1,6.18
SCH_0623,الشمال,حكومية,1049,37,64.11,83.65,75.98,58.53,27.88,89.17,0.86,1.37,7.73,59.67,0.54,1,10.19,0.34,30.16,7913.62,0.05,0.1,0.81,3.33,3.11,54.55,0.04,6.89
SCH_0624,الغرب,مجتمعية,1478,41,40.55,47.7,0.0,56.91,10.12,88.81,5.24,20.01,8.08,64.87,0.53,9,3.66,0.0,24.4,6632.87,0.01,0.03,0.65,3.73,7.54,47.85,0.03,7.21
SCH_0625,المركز,حكومية,1733,84,57.51,38.83,31.67,27.76,56.19,81.87,5.52,2.04,7.47,12.18,0.1,10,17.79,0.19,36.96,6041.33,0.01,0.01,0.86,3.11,4.46,41.88,0.05,6.93
SCH_0626,الشمال,حكومية,2014,123,55.05,36.37,26.38,33.73,30.92,100.0,0.88,66.6,4.81,53.82,0.35,3,15.73,0.1,21.82,7999.43,0.01,0.01,0.76,2.18,3.87,42.96,0.06,5.37
SCH_0627,المركز,حكومية,1941,91,0.73,29.32,32.31,44.69,53.12,75.53,1.08,20.98,4.41,27.77,0.19,3,10.77,0.0,35.62,3694.57,0.07,0.04,0.81,1.0,3.49,32.13,0.05,8.7
SCH_0628,الجنوب,حكومية,805,193,59.96,91.03,71.64,76.84,0.0,94.31,1.26,85.69,14.99,106.77,0.6,3,4.5,0.4,48.0,10665.42,0.1,0.09,0.52,8.28,1.0,71.89,0.24,6.74
SCH_0629,الجنوب,خاصة,1686,64,35.17,35.4,28.13,21.21,28.98,91.53,7.28,40.54,2.58,26.11,0.05,7,17.89,0.44,29.18,7590.64,0.04,0.08,0.48,4.19,3.28,43.37,0.04,5.71
SCH_0630,الشمال,خاصة,1494,138,27.77,6.49,9.46,46.07,45.21,89.12,2.19,36.5,8.11,43.35,0.18,8,27.29,0.2,7.77,8081.18,0.01,0.01,0.72,3.26,3.18,34.62,0.09,4.28
SCH_0631,المركز,مجتمعية,945,33,67.96,80.3,90.27,69.64,7.5,92.06,4.88,60.35,16.78,114.0,0.3,2,0.0,0.42,33.46,4489.96,0.09,0.07,0.44,4.73,1.37,66.46,0.03,14.8
SCH_0632,الجنوب,حكومية,757,15,11.33,7.48,0.0,0.0,33.15,83.09,1.25,0.0,8.99,10.57,0.0,1,21.47,0.3,32.36,2577.33,0.01,0.01,0.87,1.0,2.49,23.95,0.02,9.29
SCH_0633,الغرب,حكومية,2311,54,69.41,54.72,74.7,84.3,36.67,85.17,3.97,12.35,11.48,50.21,0.5,5,0.91,0.07,29.56,5578.44,0.13,0.04,0.67,5.16,1.56,56.67,0.02,10.16
SCH_0634,الشرق,خاصة,1141,174,22.82,27.06,20.39,34.85,14.73,81.97,1.49,31.16,2.53,10.0,0.11,8,24.85,0.0,48.7,5777.15,0.01,0.04,0.46,4.21,5.03,35.66,0.15,6.17
SCH_0635,الشرق,حكومية,2496,36,40.6,54.47,0.0,76.92,24.71,99.26,1.45,45.98,6.98,66.21,0.12,3,20.05,0.25,70.18,2465.26,0.05,0.06,0.74,1.0,4.35,45.4,0.01,18.42
SCH_0636,الجنوب,حكومية,1469,126,70.92,93.87,98.23,80.24,18.43,89.7,4.5,64.93,6.64,59.2,0.25,6,9.49,0.21,54.55,4673.44,0.18,0.1,0.96,5.46,1.0,65.97,0.09,14.12
SCH_0637,المركز,حكومية,1139,54,17.11,27.77,33.16,22.42,69.8,100.0,2.41,21.49,7.13,10.0,0.0,3,12.14,0.0,49.38,8969.63,0.01,0.07,0.36,1.06,6.02,35.65,0.05,3.97
SCH_0638,الجنوب,حكومية,1810,52,40.83,43.85,59.77,41.39,26.77,93.62,1.04,2.04,0.0,10.0,0.0,6,25.68,0.09,40.62,6525.11,0.01,0.01,0.38,2.45,3.54,38.21,0.03,5.86
SCH_0639,المركز,حكومية,2404,62,2.97,30.54,0.0,25.77,36.28,65.57,0.42,9.43,7.99,12.23,0.14,4,4.91,0.17,17.73,4581.64,0.09,0.03,0.89,1.0,4.48,28.32,0.03,6.18
SCH_0640,الغرب,خاصة,1925,197,58.69,63.8,55.21,72.58,9.18,98.9,1.86,41.64,15.97,131.23,0.0,7,0.0,0.18,43.49,8508.32,0.14,0.05,0.38,5.03,1.0,63.24,0.1,7.43
SCH_0641,المركز,خاصة,1184,89,29.01,42.88,37.64,32.02,36.08,88.08,1.64,41.3,0.0,45.56,0.3,10,3.49,0.0,60.7,5742.95,0.1,0.05,0.33,2.18,6.89,45.4,0.08,7.91
SCH_0642,الجنوب,حكومية,1787,197,87.33,61.23,98.86,98.48,15.11,82.62,4.58,70.76,19.49,68.1,0.62,1,2.81,0.23,38.37,11114.6,0.04,0.1,0.54,4.92,1.11,68.89,0.11,6.2
SCH_0643,الغرب,حكومية,1536,193,41.87,31.97,8.47,55.27,47.53,99.21,7.7,17.39,10.8,24.04,0.21,1,22.32,0.11,15.73,4376.22,0.13,0.01,0.63,2.78,1.0,37.95,0.13,8.67
SCH_0644,الشمال,حكومية,2074,121,94.79,56.62,72.78,78.2,29.26,87.93,0.14,48.12,8.17,20.99,0.4,5,0.0,0.0,22.23,7863.87,0.06,0.04,0.7,4.05,2.9,54.78,0.06,6.97
SCH_0645,الشرق,خاصة,861,22,28.33,42.72,8.32,15.4,32.66,82.81,0.72,0.0,0.0,10.0,0.06,9,33.29,0.04,22.66,4837.54,0.01,0.04,0.66,2.57,5.5,28.18,0.03,5.82
SCH_0646,الجنوب,حكومية,232,100,63.08,59.2,17.04,49.64,35.13,93.42,0.78,36.75,3.93,15.46,0.37,5,12.78,0.0,21.19,4696.13,0.05,0.05,0.94,2.56,5.2,41.55,0.43,8.85
SCH_0647,الجنوب,خاصة,2016,82,59.08,43.06,48.06,62.46,19.84,100.0,2.72,62.11,5.67,71.19,0.42,4,0.0,0.29,64.03,9969.29,0.14,0.06,0.84,5.23,1.6,60.05,0.04,6.02
SCH_0648,الجنوب,حكومية,2320,89,29.64,53.26,54.63,36.04,39.01,90.34,1.87,8.83,13.23,57.74,0.53,8,14.92,0.0,36.55,5212.58,0.06,0.06,0.99,1.93,3.36,46.86,0.04,8.99
SCH_0649,الغرب,حكومية,2089,151,30.25,51.82,1.91,43.47,42.95,89.15,4.11,29.32,3.48,40.5,0.54,5,26.38,0.27,46.03,7707.0,0.08,0.06,0.63,1.85,2.42,43.46,0.07,5.64
SCH_0650,الشمال,حكومية,1356,104,36.87,46.18,60.26,60.41,50.69,84.18,0.95,23.02,11.65,58.62,0.59,1,19.11,0.08,29.78,6556.4,0.08,0.03,0.36,4.4,4.34,44.88,0.08,6.84
SCH_0651,المركز,خاصة,260,144,28.99,33.46,28.78,24.71,33.13,96.32,2.43,0.0,2.85,10.0,0.0,7,30.21,0.0,9.83,7884.79,0.03,0.01,0.97,2.32,3.05,30.66,0.55,3.89
SCH_0652,الشمال,حكومية,1743,94,33.32,20.65,53.01,81.1,12.77,91.79,8.06,83.78,8.99,23.64,0.5,4,0.0,0.22,17.79,4983.44,0.04,0.02,0.3,3.81,1.0,50.45,0.05,10.12
SCH_0653,الغرب,حكومية,471,109,63.58,14.2,21.98,77.91,29.36,88.67,8.79,68.83,0.35,20.05,0.43,10,7.19,0.03,22.79,4658.7,0.17,0.06,0.84,3.84,2.58,48.84,0.23,10.48
SCH_0654,الجنوب,حكومية,2493,84,2.22,0.0,0.0,7.45,65.75,82.6,6.76,0.0,0.0,10.0,0.0,5,14.76,0.05,26.41,1467.02,0.01,0.01,0.32,1.0,3.31,22.31,0.03,15.21
SCH_0655,الشرق,خاصة,1399,104,69.91,61.14,50.94,71.82,21.42,99.11,5.59,41.33,15.3,69.67,0.18,6,27.45,0.07,45.47,7390.09,0.11,0.06,0.83,7.52,5.67,57.64,0.07,7.8
SCH_0656,الجنوب,خاصة,2006,73,46.15,79.99,34.51,53.71,40.21,88.6,8.77,5.16,7.77,117.42,0.27,7,17.14,0.09,46.15,10073.61,0.1,0.09,0.96,5.94,6.43,57.15,0.04,5.67
SCH_0657,المركز,حكومية,1354,161,51.52,48.15,58.37,67.94,27.83,99.74,1.06,20.18,11.26,33.62,0.18,2,37.21,0.26,17.18,10739.21,0.16,0.05,0.57,6.51,1.19,45.51,0.12,4.24
SCH_0658,الشرق,خاصة,1325,42,33.8,27.09,58.02,56.61,27.03,85.22,0.7,9.36,15.02,29.64,0.0,1,10.35,0.0,31.96,1173.0,0.13,0.02,0.47,1.0,1.0,37.92,0.03,32.33
SCH_0659,الجنوب,حكومية,509,86,52.49,60.28,53.49,59.06,28.97,96.67,0.02,46.49,8.21,65.04,0.45,3,3.01,0.0,22.3,7626.21,0.08,0.12,0.46,3.53,3.14,51.45,0.17,6.75
SCH_0660,الشرق,حكومية,1515,28,29.85,10.37,11.75,34.41,34.6,88.43,3.11,11.91,1.74,10.0,0.11,10,19.13,0.09,31.35,500.0,0.05,0.06,0.64,1.0,3.97,31.75,0.02,63.5
SCH_0661,الشمال,حكومية,1945,38,90.49,70.3,72.54,97.52,14.31,85.25,12.08,69.46,17.81,88.53,0.48,1,19.15,0.23,50.75,10087.67,0.21,0.06,0.42,2.42,3.64,69.21,0.02,6.86
SCH_0662,الغرب,حكومية,537,126,86.87,51.97,78.56,71.64,4.76,90.13,0.78,60.2,8.81,41.03,0.54,4,6.77,0.2,19.9,9316.63,0.08,0.06,0.77,6.44,1.0,58.57,0.23,6.29
SCH_0663,الجنوب,خاصة,209,58,37.76,64.92,71.06,37.99,26.38,71.99,3.4,41.72,8.38,24.79,0.23,6,14.95,0.18,48.08,6083.29,0.01,0.06,0.56,6.52,4.38,49.11,0.28,8.07
SCH_0664,المركز,خاصة,248,70,0.0,53.7,45.4,37.54,46.51,82.74,4.27,7.94,10.53,31.49,0.39,5,16.73,0.12,66.17,5755.36,0.04,0.04,0.53,7.08,4.01,43.19,0.28,7.5
SCH_0665,الشمال,حكومية,1710,134,51.13,57.63,60.01,69.44,32.87,78.1,9.76,52.3,8.59,67.07,0.2,4,11.08,0.26,49.7,7156.49,0.02,0.11,0.62,2.49,1.21,57.17,0.08,7.99
SCH_0666,الجنوب,حكومية,1544,193,68.8,90.16,69.93,62.01,26.64,100.0,4.12,64.98,13.74,103.81,0.24,7,2.14,0.21,37.16,6004.78,0.12,0.07,0.68,5.46,2.56,66.68,0.12,11.1
SCH_0667,الشمال,خاصة,930,46,35.33,32.25,53.17,25.17,42.01,74.93,9.63,11.14,3.11,35.91,0.15,6,17.47,0.0,22.64,5586.27,0.09,0.03,0.4,4.61,6.28,38.98,0.05,6.98
SCH_0668,المركز,مجتمعية,994,192,83.82,96.58,88.8,94.72,12.76,100.0,1.85,26.49,16.8,71.71,0.9,3,3.38,0.0,40.65,8086.11,0.11,0.1,0.8,5.83,1.42,70.04,0.19,8.66
SCH_0669,الجنوب,حكومية,1848,183,45.13,39.67,83.03,52.15,4.71,94.37,1.54,65.74,9.99,77.5,0.57,9,11.78,0.45,24.36,8540.96,0.01,0.09,0.92,3.07,3.04,57.71,0.1,6.76
SCH_0670,المركز,مجتمعية,332,39,69.78,34.26,35.69,40.01,24.87,85.26,2.6,37.02,5.48,74.07,0.48,5,23.42,0.13,37.01,5857.64,0.12,0.07,0.49,1.0,1.61,47.42,0.12,8.09
SCH_0671,الشرق,حكومية,2330,130,0.0,4.11,0.0,0.0,45.7,92.86,1.17,0.0,2.48,10.0,0.0,10,39.09,0.18,7.15,2263.49,0.01,0.03,0.43,3.39,7.44,18.88,0.06,8.34
SCH_0672,المركز,حكومية,2304,80,79.44,82.26,70.18,88.05,0.0,88.2,0.01,100.0,0.31,79.18,0.53,1,0.0,0.2,16.72,5777.24,0.05,0.04,0.83,6.65,3.08,60.15,0.03,10.41
SCH_0673,الشرق,خاصة,575,56,28.43,45.53,33.37,56.82,1.41,78.19,4.39,26.13,12.66,31.82,0.43,6,9.92,0.13,36.68,2395.85,0.06,0.03,0.43,2.11,2.5,45.35,0.1,18.93
SCH_0674,الجنوب,حكومية,470,178,53.95,58.52,85.75,50.29,40.1,91.0,5.03,91.71,1.78,78.28,0.74,5,3.34,0.09,36.42,9380.96,0.09,0.08,0.33,4.86,2.53,60.79,0.38,6.48
SCH_0675,الشرق,حكومية,1706,90,71.99,77.76,62.89,53.15,26.68,95.42,4.73,46.08,1.88,50.39,0.0,10,14.83,0.51,25.88,5455.61,0.09,0.06,0.73,4.16,5.94,55.86,0.05,10.24
SCH_0676,الجنوب,حكومية,2358,151,11.09,24.02,0.45,12.28,46.55,96.55,1.01,6.51,0.0,10.0,0.23,8,16.32,0.08,4.72,4601.27,0.02,0.04,0.47,1.39,2.94,26.55,0.06,5.77
SCH_0677,الجنوب,خاصة,275,178,71.77,66.07,89.96,74.51,21.44,96.36,3.11,62.71,2.1,85.98,0.66,4,8.95,0.14,46.48,11732.0,0.2,0.13,0.42,5.47,2.78,65.48,0.65,5.58
SCH_0678,الغرب,خاصة,2156,52,27.55,52.94,50.4,66.67,8.77,86.06,1.6,28.21,10.29,97.68,0.41,1,22.79,0.0,21.05,5583.95,0.08,0.02,0.99,7.48,1.7,46.49,0.02,8.33
SCH_0679,الجنوب,حكومية,1866,175,29.24,56.12,66.24,53.32,27.17,99.44,0.05,28.06,6.84,80.6,0.0,2,0.0,0.4,27.98,4093.25,0.1,0.07,0.5,2.42,7.54,47.85,0.09,11.69
SCH_0680,الشرق,حكومية,528,184,72.32,66.79,48.39,70.61,45.03,99.81,3.02,84.26,5.83,40.69,0.38,8,16.15,0.14,62.99,6589.96,0.12,0.05,0.93,7.64,2.82,59.42,0.35,9.02
SCH_0681,الغرب,حكومية,2369,75,31.34,57.47,4.32,31.65,25.12,90.66,0.4,10.11,1.87,14.2,0.3,10,11.62,0.22,40.3,5515.65,0.01,0.06,0.42,3.94,6.41,41.1,0.03,7.45
SCH_0682,الغرب,حكومية,240,188,43.0,40.53,44.04,72.47,22.13,99.46,0.29,48.88,3.7,104.71,0.32,8,17.66,0.27,13.79,10119.12,0.06,0.05,0.87,4.52,1.61,51.81,0.78,5.12
SCH_0683,الجنوب,حكومية,1390,103,80.24,52.98,56.99,80.04,8.13,100.0,5.51,36.53,12.62,110.66,0.24,5,0.12,0.12,19.97,10587.62,0.2,0.13,0.65,4.87,1.0,63.85,0.07,6.03
SCH_0684,المركز,خاصة,2256,32,29.22,23.47,7.06,32.74,21.93,84.04,0.03,23.78,0.0,47.94,0.04,6,28.48,0.2,32.45,6616.44,0.03,0.04,0.36,4.66,3.5,34.2,0.01,5.17
SCH_0685,المركز,حكومية,212,84,69.86,44.45,62.19,47.77,41.34,82.85,11.23,79.91,5.53,10.0,0.39,2,21.51,0.06,14.51,9432.17,0.04,0.03,0.81,4.26,3.5,47.3,0.4,5.02
SCH_0686,الغرب,حكومية,1123,96,62.59,65.91,100.0,100.0,0.0,88.6,3.23,76.02,4.63,63.67,0.36,9,10.22,0.1,14.53,8374.0,0.13,0.09,0.92,4.68,1.0,61.99,0.09,7.4
SCH_0687,الجنوب,حكومية,2042,130,43.62,37.88,11.0,38.54,26.42,77.55,12.24,41.68,8.86,10.0,0.07,6,24.57,0.28,38.02,5940.08,0.03,0.04,0.41,1.0,5.51,41.05,0.06,6.91
SCH_0688,المركز,حكومية,1432,94,57.97,37.96,52.73,28.1,36.74,93.06,0.18,28.04,3.31,87.65,0.17,9,9.22,0.08,34.8,4726.31,0.01,0.07,0.81,3.51,3.58,47.61,0.07,10.07
SCH_0689,الجنوب,مجتمعية,1414,29,58.02,62.98,30.77,45.71,54.0,76.41,2.88,88.23,9.17,10.0,0.29,10,8.08,0.21,39.63,3422.19,0.04,0.06,0.61,1.62,1.0,49.82,0.02,14.56
SCH_0690,الجنوب,حكومية,852,190,0.0,0.0,14.11,11.99,25.67,96.58,1.05,0.0,8.44,68.71,0.3,3,28.87,0.11,28.33,6430.03,0.09,0.09,0.83,1.04,6.23,29.58,0.22,4.6
SCH_0691,الغرب,حكومية,1903,27,77.49,72.91,84.47,87.53,0.0,88.33,8.55,38.07,19.39,83.9,0.28,6,0.0,0.36,45.14,10158.12,0.12,0.08,0.8,9.08,1.0,74.08,0.01,7.29
SCH_0692,الغرب,حكومية,820,133,22.09,37.81,25.23,38.44,24.24,98.44,1.24,54.3,0.0,10.0,0.0,10,33.03,0.0,17.78,4836.76,0.01,0.02,0.32,2.67,3.73,33.16,0.16,6.86
SCH_0693,الشمال,حكومية,2162,57,100.0,91.58,98.29,100.0,16.11,73.43,1.41,63.43,14.87,118.43,0.46,5,0.0,0.18,54.39,9212.89,0.06,0.07,0.43,5.66,3.78,73.38,0.03,7.96
SCH_0694,المركز,حكومية,1845,71,0.47,21.11,0.0,30.87,41.66,83.96,5.09,24.56,8.67,39.32,0.0,9,24.91,0.01,49.08,1418.38,0.14,0.02,0.63,4.46,8.32,33.63,0.04,23.71
SCH_0695,المركز,حكومية,2443,31,34.73,68.97,75.88,63.27,3.35,79.66,1.64,74.34,10.98,12.03,0.42,10,33.49,0.03,27.49,4546.21,0.06,0.06,0.95,5.1,1.85,48.68,0.01,10.71
SCH_0696,المركز,حكومية,616,192,33.48,42.41,67.63,54.15,22.71,100.0,0.06,54.52,12.61,56.8,0.0,1,3.55,0.24,21.96,7701.37,0.11,0.07,0.54,6.64,3.7,48.91,0.31,6.35
SCH_0697,الشرق,حكومية,863,46,43.78,45.24,72.88,55.75,45.19,100.0,1.82,89.55,0.0,97.43,0.48,9,11.65,0.35,19.82,5873.44,0.05,0.06,0.74,1.0,1.53,54.3,0.05,9.24
SCH_0698,الجنوب,حكومية,1978,164,51.54,57.62,54.71,91.93,18.81,73.28,4.37,58.98,13.95,58.02,0.64,5,17.96,0.41,28.09,7486.7,0.12,0.05,0.31,6.29,1.21,58.1,0.08,7.76
SCH_0699,الغرب,حكومية,1579,69,72.85,18.69,26.59,54.85,28.03,96.82,1.02,24.94,3.37,99.27,0.35,1,22.29,0.1,37.7,6212.45,0.15,0.02,0.8,5.59,1.86,46.4,0.04,7.47
SCH_0700,المركز,مجتمعية,347,199,31.81,43.51,65.17,30.97,32.61,97.7,1.84,0.0,9.55,19.17,0.0,10,11.34,0.17,0.36,4541.34,0.03,0.03,0.72,6.72,1.0,40.91,0.57,9.01
SCH_0701,الشمال,حكومية,2245,27,74.04,55.83,40.52,72.21,24.38,93.97,0.23,56.95,12.77,15.01,0.4,8,3.91,0.26,45.69,5521.33,0.12,0.1,0.8,2.17,2.37,56.56,0.01,10.24
SCH_0702,المركز,حكومية,1588,61,63.11,51.84,65.82,75.67,0.0,95.99,3.45,5.54,12.38,64.19,0.22,7,6.96,0.28,48.51,4173.82,0.02,0.1,0.93,7.44,2.81,59.07,0.04,14.15
SCH_0703,الجنوب,حكومية,1925,101,46.87,33.11,67.19,56.73,23.12,93.81,4.81,43.94,6.47,10.0,0.04,6,27.78,0.01,7.07,5983.71,0.17,0.04,0.4,7.03,1.85,41.79,0.05,6.98
SCH_0704,الجنوب,حكومية,601,76,67.37,75.98,73.71,74.49,9.18,99.58,2.29,90.19,18.02,79.99,0.57,2,3.15,0.5,28.19,9574.46,0.13,0.05,0.48,2.07,3.6,66.56,0.13,6.95
SCH_0705,الغرب,خاصة,1715,196,58.94,35.42,70.8,71.0,19.05,81.0,1.87,37.57,9.66,47.55,0.44,5,13.93,0.28,35.41,3030.34,0.05,0.04,1.0,4.75,2.28,50.62,0.11,16.71
SCH_0706,الشرق,حكومية,2231,43,53.21,54.22,45.46,40.98,34.85,99.69,0.33,44.52,9.24,28.12,0.56,3,8.01,0.3,33.12,6514.38,0.06,0.11,0.41,5.31,1.67,50.49,0.02,7.75
SCH_0707,الغرب,خاصة,428,36,65.37,70.8,38.37,71.42,8.53,93.07,0.88,69.45,4.92,120.28,0.33,2,16.08,0.37,46.97,8036.46,0.07,0.09,0.8,4.46,3.22,58.71,0.08,7.31
SCH_0708,المركز,حكومية,1798,79,66.89,71.38,83.28,100.0,6.7,93.77,0.72,74.03,13.35,75.68,0.49,10,7.61,0.31,40.62,6326.55,0.09,0.09,0.81,5.08,1.0,68.36,0.04,10.81
SCH_0709,الشمال,حكومية,467,43,23.58,24.59,33.99,38.95,16.08,92.54,1.91,47.23,14.4,55.96,0.51,1,7.46,0.0,47.98,7946.32,0.01,0.06,0.78,3.74,6.01,45.36,0.09,5.71
SCH_0710,الغرب,خاصة,1628,62,44.46,38.41,89.38,47.55,37.86,78.4,2.31,28.12,0.0,63.49,0.63,9,6.41,0.09,25.87,4722.32,0.05,0.08,0.46,1.62,3.06,48.71,0.04,10.31
SCH_0711,الشرق,حكومية,2016,19,74.44,70.56,52.09,67.56,28.63,79.67,12.28,11.77,14.3,123.82,0.64,2,0.0,0.0,26.55,7766.65,0.1,0.04,0.45,5.24,3.72,60.8,0.01,7.83
SCH_0712,الغرب,حكومية,1234,177,73.22,91.32,66.33,81.97,8.9,91.17,0.31,80.61,14.99,35.08,0.36,1,0.0,0.28,25.46,7673.02,0.13,0.06,0.77,7.33,4.29,61.52,0.14,8.02
SCH_0713,الجنوب,حكومية,1543,115,58.84,74.92,55.53,76.8,27.04,100.0,3.76,51.34,19.15,17.42,0.42,7,15.4,0.19,52.08,4368.78,0.08,0.05,0.43,9.12,3.07,59.97,0.07,13.73
SCH_0714,المركز,خاصة,325,85,57.36,44.63,25.35,19.72,33.7,78.34,2.13,4.99,7.86,79.92,0.13,9,31.19,0.08,28.9,6991.38,0.01,0.05,0.76,3.33,2.68,41.75,0.26,5.97
SCH_0715,المركز,حكومية,1925,188,44.16,60.51,47.7,65.14,0.0,91.54,2.57,47.8,7.76,68.79,0.45,6,19.02,0.33,44.91,4683.66,0.08,0.06,0.64,4.38,1.0,54.99,0.1,11.74
SCH_0716,المركز,خاصة,1312,177,16.49,0.0,0.0,10.44,40.76,80.96,5.18,17.29,4.65,20.73,0.0,8,26.31,0.0,34.28,3713.04,0.01,0.04,0.57,1.0,2.12,27.47,0.13,7.4
SCH_0717,المركز,حكومية,1575,187,19.9,14.33,32.07,17.96,36.01,80.46,0.62,3.17,2.07,18.7,0.2,7,18.06,0.03,0.0,5784.55,0.04,0.01,0.51,1.0,6.84,26.24,0.12,4.54
SCH_0718,المركز,خاصة,888,155,100.0,75.49,71.93,88.16,13.44,96.63,0.18,35.26,17.53,66.9,0.52,9,13.7,0.23,25.76,11256.9,0.02,0.12,0.96,8.32,1.16,67.52,0.17,6.0
SCH_0719,المركز,حكومية,1480,152,84.46,100.0,100.0,96.28,9.39,99.96,5.2,80.43,5.58,114.66,0.61,7,5.66,0.0,31.34,7057.91,0.19,0.09,0.66,6.8,1.0,73.58,0.1,10.42
SCH_0720,الشمال,خاصة,1432,80,57.28,91.93,50.04,71.0,8.24,85.0,1.65,33.41,7.01,19.7,0.17,6,27.29,0.15,26.66,6517.77,0.13,0.08,0.69,7.34,1.96,50.73,0.06,7.78
SCH_0721,الشرق,حكومية,480,86,51.37,42.33,86.82,52.51,47.27,100.0,0.06,41.96,9.67,63.91,0.35,1,11.62,0.0,28.57,9236.39,0.03,0.09,0.96,3.31,5.19,48.76,0.18,5.28
SCH_0722,المركز,مجتمعية,642,39,26.19,37.42,42.11,54.38,30.71,92.04,0.9,36.74,11.34,67.53,0.57,9,29.28,0.02,45.97,6489.07,0.09,0.07,0.76,1.63,5.36,46.66,0.06,7.19
SCH_0723,الشرق,حكومية,2063,186,12.66,22.98,36.41,2.83,41.51,84.16,0.86,28.15,1.58,33.28,0.0,10,31.0,0.16,41.27,5111.2,0.02,0.02,0.97,1.72,6.22,31.87,0.09,6.24
SCH_0724,المركز,حكومية,1036,74,100.0,88.67,91.85,93.85,16.4,96.73,4.5,100.0,9.52,87.4,0.59,5,9.97,0.34,42.47,7165.68,0.08,0.11,0.37,7.01,1.9,74.51,0.07,10.4
SCH_0725,الغرب,حكومية,588,189,77.06,97.23,56.95,84.63,14.0,100.0,0.79,62.8,9.83,72.48,0.07,2,0.0,0.13,38.0,7321.11,0.01,0.12,0.89,3.39,2.01,61.79,0.32,8.44
SCH_0726,المركز,حكومية,816,54,35.57,11.4,26.35,24.9,72.68,94.19,1.57,16.79,2.91,70.19,0.24,8,26.39,0.1,18.9,4877.5,0.06,0.05,0.53,6.16,4.71,35.6,0.07,7.3
SCH_0727,الجنوب,حكومية,346,21,48.79,69.73,31.83,55.2,17.07,85.37,2.49,80.82,7.33,77.02,0.4,4,8.83,0.02,39.21,5453.5,0.05,0.04,0.87,3.51,2.87,52.71,0.06,9.66
SCH_0728,الشمال,مجتمعية,720,188,44.26,28.65,16.39,21.86,45.97,86.71,1.57,35.86,0.62,71.28,0.14,3,15.9,0.06,28.62,954.53,0.08,0.04,0.9,3.35,4.88,35.18,0.26,36.86
SCH_0729,الغرب,مجتمعية,829,165,82.65,70.84,57.01,67.59,11.98,91.41,13.16,46.22,5.86,10.0,0.47,1,0.0,0.6,48.17,5728.43,0.08,0.05,0.49,5.97,4.29,61.82,0.2,10.79
SCH_0730,الغرب,حكومية,2391,60,83.74,71.88,71.87,88.03,27.58,97.42,0.19,61.49,2.06,98.15,0.37,5,7.21,0.49,53.26,10675.24,0.07,0.01,0.59,3.16,2.47,66.05,0.03,6.19
SCH_0731,الجنوب,مجتمعية,488,100,59.91,63.47,76.7,56.03,29.58,91.93,10.56,40.62,9.02,25.76,0.54,3,12.81,0.16,0.5,6625.4,0.17,0.06,0.81,2.0,1.23,51.61,0.2,7.79
SCH_0732,المركز,حكومية,1609,155,53.33,53.11,53.87,55.81,16.49,100.0,3.23,48.72,11.9,54.66,0.16,4,0.0,0.19,34.77,9728.01,0.11,0.06,0.37,3.94,3.65,55.84,0.1,5.74
SCH_0733,الشمال,حكومية,213,35,37.89,20.0,0.0,37.98,20.9,86.39,4.7,23.58,12.3,73.3,0.48,9,2.26,0.0,50.37,5599.53,0.01,0.07,0.83,1.0,4.57,47.39,0.16,8.46
SCH_0734,الغرب,خاصة,456,15,71.54,69.86,100.0,98.13,0.0,79.57,2.54,47.75,16.91,53.99,0.55,7,8.85,0.13,38.65,7355.02,0.1,0.06,0.38,10.0,2.18,66.64,0.03,9.06
SCH_0735,الشمال,حكومية,1921,137,56.89,52.16,59.96,83.77,19.39,94.09,2.55,59.2,15.11,137.25,0.43,5,15.27,0.28,59.22,10719.62,0.04,0.03,0.94,5.5,1.36,62.98,0.07,5.88
SCH_0736,الغرب,مجتمعية,1623,161,21.44,37.13,63.12,60.46,7.32,85.85,7.0,70.14,8.04,76.92,0.0,8,15.97,0.05,28.53,6486.95,0.03,0.05,0.49,5.28,5.0,49.57,0.1,7.64
SCH_0737,المركز,حكومية,1430,139,42.72,41.23,6.47,30.07,51.35,76.62,7.01,12.92,0.0,53.93,0.0,6,27.37,0.25,33.59,7482.54,0.05,0.05,0.7,3.95,3.68,38.73,0.1,5.18
SCH_0738,الغرب,حكومية,1057,47,61.83,79.39,87.41,83.79,0.0,87.62,1.22,60.58,13.78,54.55,0.57,10,3.51,0.48,27.7,6639.03,0.14,0.09,0.38,7.13,2.5,67.29,0.04,10.14
SCH_0739,الغرب,حكومية,1395,18,53.99,64.46,45.6,78.59,16.58,88.28,0.85,31.35,9.79,56.1,0.23,2,9.08,0.23,21.96,9381.69,0.11,0.06,0.49,5.0,1.4,52.08,0.01,5.55
SCH_0740,الشرق,حكومية,663,17,48.34,67.78,0.0,39.45,12.15,99.04,2.38,62.55,12.54,38.51,0.49,7,3.52,0.16,45.66,8585.88,0.13,0.02,0.58,6.41,2.27,55.7,0.03,6.49
SCH_0741,المركز,حكومية,469,105,34.14,11.44,13.55,15.73,40.89,75.05,5.94,31.96,5.72,10.0,0.17,1,4.6,0.0,38.99,4923.98,0.06,0.02,0.64,1.0,6.05,32.72,0.22,6.64
SCH_0742,الجنوب,مجتمعية,1444,66,27.82,71.59,35.49,32.82,32.15,91.45,1.2,3.62,4.82,69.3,0.0,3,34.42,0.22,31.34,3940.38,0.08,0.03,0.3,6.37,3.15,39.59,0.05,10.05
SCH_0743,الجنوب,خاصة,1406,42,95.7,90.33,74.62,71.26,17.17,100.0,4.61,22.83,21.64,66.87,0.63,1,16.56,0.07,25.29,8438.05,0.13,0.11,0.92,3.75,5.67,62.6,0.03,7.42
SCH_0744,المركز,خاصة,271,84,22.56,5.52,13.34,7.45,22.87,84.45,2.78,24.09,5.51,10.0,0.02,1,8.96,0.0,23.2,4815.82,0.08,0.02,0.31,2.24,6.62,27.36,0.31,5.68
SCH_0745,الجنوب,حكومية,1506,197,0.0,8.24,6.14,20.15,32.78,84.52,3.54,0.0,3.43,10.0,0.06,5,23.67,0.18,42.32,4276.46,0.01,0.01,0.84,1.0,5.36,26.74,0.13,6.25
SCH_0746,المركز,حكومية,2321,71,54.77,22.81,39.31,43.29,45.59,94.55,2.6,46.91,7.97,31.51,0.44,6,14.52,0.27,57.52,6857.29,0.04,0.09,0.63,2.4,5.36,47.67,0.03,6.95
SCH_0747,الجنوب,حكومية,1950,122,38.3,42.17,45.96,54.81,38.6,93.43,1.69,21.28,6.69,58.47,0.0,3,11.62,0.06,28.02,8003.33,0.01,0.03,0.67,3.59,2.49,43.22,0.06,5.4
SCH_0748,الشرق,حكومية,696,158,71.99,47.05,78.77,99.34,0.0,100.0,14.96,77.48,12.0,60.8,0.25,3,1.04,0.18,18.95,7266.51,0.17,0.1,0.45,5.38,3.08,63.72,0.23,8.77
SCH_0749,الجنوب,حكومية,1187,38,34.9,57.93,35.68,39.15,36.11,87.57,3.0,40.16,0.0,69.64,0.3,3,19.04,0.01,44.33,3426.46,0.05,0.03,0.73,2.76,5.44,42.44,0.03,12.39
SCH_0750,الغرب,خاصة,1109,183,62.11,19.92,44.29,94.85,3.43,96.83,5.04,39.0,4.75,44.29,0.03,1,17.64,0.01,34.51,7276.62,0.24,0.11,0.68,2.2,4.78,47.24,0.17,6.49
SCH_0751,المركز,حكومية,572,91,58.33,65.18,76.44,67.55,8.85,97.2,1.67,34.06,6.98,63.7,0.27,5,12.89,0.1,53.51,6859.18,0.08,0.07,0.41,3.19,1.25,56.8,0.16,8.28
SCH_0752,الشمال,حكومية,561,189,50.99,46.42,57.92,67.82,14.8,88.67,4.33,62.38,11.79,24.39,0.58,1,7.9,0.0,43.29,9022.62,0.1,0.07,0.47,6.08,1.0,54.23,0.34,6.01
SCH_0753,الشمال,حكومية,2340,90,61.88,62.63,65.87,73.38,36.79,91.4,1.25,44.66,2.71,105.3,0.42,10,5.14,0.32,28.69,5971.21,0.14,0.07,0.35,5.91,1.0,60.73,0.04,10.17
SCH_0754,المركز,حكومية,1544,83,67.86,57.19,76.02,77.8,1.47,91.49,1.12,74.8,7.26,105.55,0.12,10,17.93,0.26,40.6,9644.73,0.04,0.07,0.35,3.88,1.49,62.65,0.05,6.5
SCH_0755,الشرق,حكومية,523,115,14.15,45.45,20.8,15.31,20.66,76.75,3.13,0.0,0.0,38.04,0.14,3,25.49,0.13,44.59,6866.54,0.04,0.05,0.31,3.97,8.34,33.47,0.22,4.87
SCH_0756,الجنوب,مجتمعية,774,173,53.71,29.25,31.84,49.59,33.85,86.47,2.49,43.65,7.45,50.91,0.19,6,14.28,0.0,31.5,6206.62,0.07,0.07,0.45,1.22,7.64,42.78,0.22,6.89
SCH_0757,الشرق,حكومية,935,106,84.61,97.54,100.0,90.16,7.67,100.0,5.19,59.26,14.84,82.74,0.36,6,3.68,0.07,29.63,8989.26,0.11,0.08,0.78,5.98,1.66,71.91,0.11,8.0
SCH_0758,الشمال,خاصة,1415,106,78.48,94.73,53.54,82.78,29.44,100.0,1.36,61.98,8.37,30.46,1.0,3,9.12,0.24,19.37,6877.93,0.17,0.13,0.52,5.18,1.38,61.41,0.07,8.93
SCH_0759,المركز,حكومية,1895,44,53.0,9.03,23.48,50.1,22.65,84.77,3.03,21.27,3.75,10.0,0.38,9,9.29,0.14,21.65,5002.11,0.02,0.07,0.54,4.76,2.65,40.68,0.02,8.13
SCH_0760,المركز,حكومية,2107,32,97.78,67.27,89.86,79.65,29.91,92.52,2.52,57.63,8.07,99.01,0.4,8,14.09,0.21,36.8,7538.17,0.13,0.06,0.39,6.22,3.06,66.63,0.02,8.84
SCH_0761,الشرق,حكومية,918,58,59.04,59.42,72.18,36.84,31.67,96.49,2.83,0.0,3.62,31.73,0.4,3,4.95,0.07,43.45,8486.65,0.13,0.01,0.7,2.76,8.15,49.15,0.06,5.79
SCH_0762,الشرق,خاصة,980,169,80.32,40.49,48.67,76.96,27.83,94.57,1.31,31.91,8.78,19.44,0.3,5,5.83,0.44,21.25,7071.24,0.05,0.05,0.54,1.13,5.96,50.31,0.17,7.11
SCH_0763,الجنوب,خاصة,1219,113,53.9,58.82,49.1,41.99,53.94,95.48,4.05,20.92,12.7,10.0,0.14,5,20.9,0.19,55.56,3214.82,0.05,0.05,0.77,5.0,5.83,46.11,0.09,14.34
SCH_0764,الغرب,حكومية,1603,168,100.0,77.28,53.7,89.13,8.72,97.03,7.09,60.6,6.57,96.59,0.53,5,0.0,0.53,23.21,8938.86,0.23,0.1,0.82,5.77,3.59,71.52,0.1,8.0
SCH_0765,الغرب,حكومية,1626,135,59.04,51.55,33.89,48.82,39.44,91.97,1.08,67.84,16.62,78.69,0.42,3,0.0,0.35,70.71,8325.45,0.1,0.09,0.71,4.43,4.52,58.52,0.08,7.03
SCH_0766,الجنوب,حكومية,863,129,62.67,58.83,80.43,59.12,11.9,89.45,1.34,32.28,2.5,11.77,0.53,5,11.18,0.43,63.22,6994.48,0.06,0.02,0.49,3.13,2.44,54.33,0.15,7.77
SCH_0767,الغرب,حكومية,1972,74,52.16,23.64,25.81,8.02,44.16,77.29,2.77,43.08,7.55,23.06,0.4,5,3.41,0.0,27.67,7233.36,0.07,0.01,0.66,1.0,3.42,39.21,0.04,5.42
SCH_0768,الشمال,مجتمعية,210,160,35.06,61.62,99.22,100.0,0.0,98.13,5.09,43.54,9.01,87.59,0.69,4,0.0,0.32,18.07,9871.82,0.09,0.04,0.48,9.07,1.4,65.48,0.76,6.63
SCH_0769,الغرب,حكومية,2434,70,37.25,36.55,62.18,58.26,22.21,87.27,3.91,10.2,1.51,22.95,0.41,4,22.45,0.06,31.31,3733.85,0.01,0.01,0.93,1.0,4.42,39.04,0.03,10.45
SCH_0770,الجنوب,حكومية,1238,45,62.0,48.77,1.42,53.49,12.52,76.14,3.78,0.0,13.07,80.41,0.45,2,12.15,0.0,27.16,4922.07,0.13,0.02,0.84,1.35,1.0,45.3,0.04,9.2
SCH_0771,الغرب,حكومية,784,115,76.44,64.39,37.82,89.43,37.44,86.81,1.92,61.53,9.67,51.4,0.61,9,22.42,0.41,19.41,7774.33,0.04,0.07,0.65,7.9,1.99,58.11,0.15,7.47
SCH_0772,المركز,حكومية,1275,73,100.0,85.32,85.57,95.8,36.04,99.83,2.21,65.79,12.23,28.58,0.62,7,0.0,0.2,48.39,5273.53,0.24,0.1,0.98,7.69,1.0,71.37,0.06,13.53
SCH_0773,الشرق,حكومية,1574,138,51.31,38.92,15.75,52.95,19.83,74.64,1.03,50.71,6.07,43.86,0.0,1,11.64,0.0,22.55,7151.44,0.05,0.02,0.68,3.32,5.05,38.47,0.09,5.38
SCH_0774,الشمال,حكومية,1651,144,33.71,49.66,19.08,47.91,18.32,80.78,0.55,34.77,3.12,81.21,0.34,5,18.95,0.06,21.33,2288.79,0.17,0.02,0.53,5.71,2.49,41.43,0.09,18.1
SCH_0775,المركز,خاصة,2054,111,40.63,47.51,74.15,63.78,7.48,90.66,3.97,36.31,5.96,35.25,0.55,2,1.89,0.02,30.63,8239.95,0.01,0.01,0.37,4.54,3.92,50.43,0.05,6.12
SCH_0776,المركز,خاصة,1989,181,68.36,39.87,52.75,61.14,22.18,100.0,0.38,56.56,0.0,32.18,0.22,10,19.42,0.09,30.45,9265.46,0.15,0.07,0.68,5.55,1.0,51.29,0.09,5.54
SCH_0777,الجنوب,حكومية,942,121,95.32,63.02,85.2,66.36,5.47,100.0,11.47,99.84,1.38,89.84,0.35,6,12.36,0.18,72.47,8978.94,0.13,0.05,0.9,6.13,4.94,69.73,0.13,7.77
SCH_0778,الشرق,خاصة,1976,32,91.71,53.77,66.64,77.98,8.17,100.0,7.04,44.28,12.04,74.95,0.39,7,0.0,0.46,32.12,6352.38,0.14,0.12,0.91,6.31,1.0,68.34,0.02,10.76
SCH_0779,الشرق,حكومية,403,159,36.52,23.73,23.76,35.22,55.77,90.4,6.08,70.97,11.52,37.27,0.26,2,15.28,0.01,37.82,5955.32,0.1,0.05,0.72,4.0,4.71,42.14,0.39,7.08
SCH_0780,الشمال,حكومية,1276,181,79.92,68.98,42.84,61.14,7.49,90.94,10.16,77.95,18.24,90.44,0.35,6,9.83,0.48,45.02,7302.15,0.09,0.07,0.58,10.0,1.0,70.51,0.14,9.66
SCH_0781,الجنوب,حكومية,1173,85,56.83,75.21,70.67,60.18,25.8,98.35,2.09,60.11,5.12,45.25,0.41,3,2.6,0.33,45.09,5558.67,0.03,0.05,0.76,4.89,1.02,57.91,0.07,10.42
SCH_0782,الشمال,حكومية,1598,120,53.36,51.56,90.06,63.95,20.31,83.9,7.18,59.86,10.11,42.97,0.47,9,0.0,0.24,44.73,6590.17,0.09,0.02,0.83,4.55,2.75,61.71,0.08,9.36
SCH_0783,الغرب,حكومية,2065,68,80.03,67.71,51.3,71.25,0.0,83.61,0.68,0.0,0.0,86.16,0.0,4,11.7,0.31,52.52,8899.84,0.11,0.02,0.59,2.67,2.65,55.15,0.03,6.2
SCH_0784,المركز,حكومية,1499,108,86.62,63.51,63.96,69.63,0.0,82.02,0.08,44.84,7.63,33.6,0.39,3,31.46,0.19,42.77,7468.98,0.07,0.04,0.63,4.9,2.7,52.41,0.07,7.02
SCH_0785,الشمال,حكومية,1254,90,54.86,53.63,34.92,91.9,24.65,100.0,6.08,38.85,13.92,113.76,0.32,3,4.8,0.39,42.97,10473.67,0.11,0.04,0.78,8.95,2.38,64.04,0.07,6.11
SCH_0786,المركز,مجتمعية,1358,49,64.35,55.53,47.26,64.7,45.21,84.39,0.3,90.81,9.02,97.59,0.02,2,25.52,0.27,39.09,8780.9,0.11,0.03,0.91,6.83,1.07,53.7,0.04,6.12
SCH_0787,الجنوب,حكومية,304,25,17.52,34.13,27.98,26.06,44.14,95.12,11.77,10.1,1.52,10.0,0.24,9,12.19,0.0,24.27,5798.68,0.01,0.03,0.85,1.0,4.4,37.57,0.08,6.48
SCH_0788,الغرب,حكومية,452,75,32.43,21.72,34.34,5.16,49.63,88.13,2.9,14.98,2.85,63.74,0.18,8,22.29,0.1,12.16,1145.05,0.05,0.03,0.32,1.62,4.9,32.34,0.17,28.25
SCH_0789,الجنوب,حكومية,494,58,63.83,77.89,80.77,76.31,1.6,100.0,5.73,54.8,16.86,74.22,0.45,5,15.3,0.33,39.98,7305.53,0.09,0.06,0.39,2.98,2.21,65.28,0.12,8.94
SCH_0790,الغرب,حكومية,1381,135,0.0,35.14,0.0,21.0,57.2,77.76,0.7,0.0,1.18,57.6,0.22,9,20.9,0.0,28.44,1995.12,0.01,0.07,0.9,1.0,4.91,28.65,0.1,14.36
SCH_0791,الغرب,حكومية,748,82,53.11,44.58,28.92,28.11,46.01,83.8,3.52,19.24,6.07,42.06,0.29,2,12.51,0.13,37.45,5297.88,0.1,0.01,0.88,3.34,5.18,41.69,0.11,7.87
SCH_0792,المركز,خاصة,1977,39,59.04,34.79,44.25,60.62,7.76,94.99,0.17,67.22,17.14,58.28,0.23,6,16.36,0.1,41.78,6065.19,0.06,0.07,0.57,4.1,2.37,52.44,0.02,8.65
SCH_0793,الجنوب,حكومية,498,190,65.6,72.65,62.41,80.34,23.88,88.41,7.38,12.24,9.15,60.15,0.56,7,26.77,0.0,37.08,7046.35,0.08,0.06,0.71,3.4,2.29,56.3,0.38,7.99
SCH_0794,الجنوب,حكومية,1948,174,62.96,47.15,54.2,56.61,0.0,70.7,0.69,51.37,0.28,10.0,0.52,6,13.9,0.0,36.07,9072.16,0.09,0.04,0.93,5.49,1.85,48.01,0.09,5.29
SCH_0795,الشمال,حكومية,2043,98,56.6,78.46,72.63,55.41,35.21,79.15,4.23,23.02,14.54,79.12,0.09,3,7.01,0.0,27.09,7541.97,0.15,0.03,0.94,3.94,1.0,54.32,0.05,7.2
SCH_0796,الجنوب,حكومية,300,128,41.45,40.59,40.51,43.47,24.11,79.55,0.77,53.68,10.27,13.39,0.38,10,14.45,0.2,35.08,7436.51,0.06,0.03,0.85,1.0,4.23,45.73,0.43,6.15
SCH_0797,الشمال,حكومية,1974,146,71.44,86.93,100.0,100.0,0.0,86.28,0.35,84.61,3.3,124.68,0.52,10,26.23,0.0,45.45,6510.72,0.17,0.09,0.45,3.52,2.66,66.11,0.07,10.15
SCH_0798,الشرق,حكومية,1073,180,66.75,66.91,44.42,62.03,26.84,96.3,2.46,16.33,8.11,108.63,0.47,10,11.75,0.08,40.23,7204.5,0.07,0.05,0.81,3.53,3.38,58.59,0.17,8.13
SCH_0799,الشرق,حكومية,291,189,59.65,89.65,59.95,100.0,0.0,96.53,0.86,62.31,13.13,70.96,0.56,9,0.0,0.15,61.5,11113.47,0.13,0.05,0.37,3.89,1.0,69.98,0.65,6.3
SCH_0800,الشرق,حكومية,646,15,23.84,0.0,41.4,0.0,48.99,87.53,3.1,18.91,8.69,10.0,0.04,8,10.48,0.0,13.05,6873.18,0.02,0.01,0.93,1.0,6.89,29.99,0.02,4.36
SCH_0801,الجنوب,حكومية,308,145,37.25,33.42,29.14,24.0,22.78,100.0,0.71,10.3,3.0,50.7,0.23,8,1.62,0.0,35.09,1336.7,0.05,0.01,0.4,3.9,4.1,41.02,0.47,30.69
SCH_0802,الجنوب,مجتمعية,516,100,22.95,37.39,28.61,44.48,8.07,98.75,1.39,37.68,7.35,29.45,0.19,8,17.77,0.19,33.54,5340.35,0.05,0.03,0.76,3.28,4.82,42.22,0.19,7.91
SCH_0803,الشمال,حكومية,2035,76,77.93,94.32,81.76,74.98,14.39,98.72,3.51,58.02,11.94,112.53,0.65,9,13.29,0.03,72.22,10178.99,0.18,0.07,0.73,5.31,1.0,72.37,0.04,7.11
SCH_0804,الغرب,خاصة,2143,78,73.61,55.89,74.46,70.11,18.54,78.81,1.25,63.54,6.33,37.02,0.6,1,6.6,0.34,34.08,6658.05,0.07,0.05,0.84,4.24,3.24,54.85,0.04,8.24
SCH_0805,الشمال,خاصة,1658,159,25.95,54.28,35.07,33.81,55.51,88.74,1.42,34.94,11.39,75.83,0.09,8,16.68,0.0,40.23,3467.21,0.01,0.02,0.69,1.0,3.0,43.01,0.1,12.4
SCH_0806,الشرق,حكومية,641,140,76.79,73.06,52.1,53.1,0.0,94.06,6.76,52.38,6.04,57.51,0.37,2,0.0,0.19,40.24,4567.93,0.24,0.06,0.34,6.16,1.01,60.53,0.22,13.25
SCH_0807,الشمال,حكومية,2465,119,0.0,47.53,24.09,20.33,54.17,84.97,0.59,26.69,2.51,42.83,0.12,4,18.1,0.1,9.05,3406.97,0.03,0.01,0.79,2.37,1.0,29.76,0.05,8.74
SCH_0808,الغرب,حكومية,1445,76,50.06,26.21,39.4,44.17,16.14,100.0,0.26,5.21,5.01,63.05,0.28,1,21.42,0.14,22.27,1973.27,0.12,0.08,0.57,1.17,5.01,37.57,0.05,19.04
SCH_0809,الجنوب,حكومية,1751,49,31.65,36.49,35.18,17.95,48.19,88.53,1.17,54.31,0.0,46.54,0.45,6,11.85,0.1,42.57,5300.81,0.12,0.01,0.52,1.28,4.87,41.21,0.03,7.77
SCH_0810,الشمال,حكومية,477,27,43.52,21.49,71.63,59.61,42.9,79.91,1.89,97.15,15.94,79.51,0.0,10,30.06,0.08,27.73,8109.74,0.12,0.04,0.99,1.34,4.01,48.69,0.06,6.0
SCH_0811,الشرق,خاصة,768,177,58.46,41.8,38.18,49.32,32.97,81.39,2.59,28.35,6.55,10.0,0.0,1,5.7,0.18,0.0,3537.17,0.06,0.02,0.71,2.68,3.93,36.41,0.23,10.29
SCH_0812,الشرق,مجتمعية,1209,57,98.71,50.5,53.49,78.34,1.75,100.0,1.95,59.17,15.04,60.55,0.42,5,9.64,0.29,41.36,8609.08,0.12,0.05,0.8,5.34,1.0,64.25,0.05,7.46
SCH_0813,الجنوب,حكومية,1038,144,26.38,1.95,70.63,20.19,17.61,83.55,4.01,35.58,0.0,20.99,0.15,9,28.71,0.0,9.34,6027.1,0.01,0.02,0.67,1.0,6.79,31.24,0.14,5.18
SCH_0814,الشمال,حكومية,1807,198,65.35,27.85,44.71,50.49,0.12,72.49,0.13,53.16,9.74,18.25,0.06,1,13.92,0.19,34.34,5879.72,0.16,0.04,0.84,3.41,5.51,42.32,0.11,7.2
SCH_0815,الغرب,حكومية,229,125,18.64,51.84,58.62,34.36,56.82,84.4,1.84,37.12,10.27,71.06,0.29,9,12.63,0.3,55.85,2714.26,0.02,0.03,0.83,3.2,1.91,48.62,0.55,17.91
SCH_0816,الجنوب,خاصة,2142,142,84.49,72.29,84.93,82.37,8.3,77.84,2.04,40.07,15.88,59.13,0.3,4,0.0,0.33,53.89,8987.21,0.1,0.07,0.76,6.42,2.59,66.38,0.07,7.39
SCH_0817,الشمال,حكومية,2333,65,62.82,65.28,68.54,59.89,1.03,98.82,4.11,88.21,19.25,41.9,0.3,3,22.37,0.33,62.49,7426.99,0.1,0.04,1.0,7.07,3.86,60.96,0.03,8.21
SCH_0818,المركز,حكومية,1457,196,66.68,75.89,73.95,87.99,0.0,77.21,14.76,76.43,8.98,106.72,0.72,8,3.67,0.26,35.13,8182.42,0.11,0.09,0.62,7.47,1.0,72.17,0.13,8.82
SCH_0819,الشرق,خاصة,564,158,3.2,48.34,0.0,41.8,36.45,77.0,2.12,30.11,3.89,10.0,0.12,6,22.34,0.0,27.49,4155.18,0.02,0.09,0.79,4.48,3.48,31.59,0.28,7.6
SCH_0820,الغرب,حكومية,2000,160,89.27,80.15,58.83,89.76,4.03,93.04,19.08,49.62,7.79,50.19,0.41,7,11.7,0.12,28.36,8779.87,0.19,0.05,0.86,4.71,2.26,65.2,0.08,7.43
SCH_0821,الغرب,مجتمعية,2022,149,71.69,62.29,65.14,70.5,0.0,99.73,1.35,48.01,8.3,73.81,0.38,9,4.08,0.22,27.31,8118.67,0.14,0.07,0.56,3.67,1.0,61.82,0.07,7.61
SCH_0822,الغرب,حكومية,2062,59,56.29,27.6,0.0,32.77,44.89,88.06,0.1,0.0,8.74,76.47,0.44,5,13.99,0.25,16.94,10312.29,0.07,0.04,0.62,4.2,1.65,42.67,0.03,4.14
SCH_0823,الشرق,حكومية,1104,178,40.49,40.09,24.28,24.51,43.6,77.22,0.49,33.1,6.48,27.7,0.13,2,32.63,0.49,7.25,4823.92,0.01,0.04,0.98,3.17,2.65,32.27,0.16,6.69
SCH_0824,الشمال,مجتمعية,897,183,71.12,100.0,95.92,88.59,36.25,94.73,2.25,85.85,20.61,34.22,0.38,3,0.0,0.4,65.3,11810.98,0.18,0.1,0.32,5.26,1.0,71.87,0.2,6.08
SCH_0825,الجنوب,حكومية,2378,56,52.82,32.9,50.12,33.77,50.38,84.6,1.14,31.36,7.47,54.0,0.32,3,37.92,0.0,0.0,6057.46,0.03,0.04,0.53,3.9,6.16,33.92,0.02,5.6
SCH_0826,الشمال,حكومية,2055,149,63.18,33.47,54.2,38.45,0.0,98.29,0.33,14.58,6.34,24.46,0.42,4,6.99,0.01,53.22,5757.41,0.14,0.04,0.64,1.49,1.0,47.84,0.07,8.31
SCH_0827,الجنوب,حكومية,550,29,36.98,16.64,60.05,40.65,50.81,95.93,1.83,41.75,0.67,74.51,0.47,10,2.98,0.46,50.96,6159.0,0.07,0.03,0.3,4.23,4.23,52.42,0.05,8.51
SCH_0828,الغرب,حكومية,379,74,58.17,44.72,89.86,52.39,39.24,86.48,1.54,61.94,12.99,46.35,0.34,7,11.89,0.14,44.82,4598.63,0.15,0.03,0.93,4.57,4.16,54.48,0.2,11.85
SCH_0829,الشمال,حكومية,1703,54,14.49,0.0,50.42,14.41,24.7,94.09,0.37,7.94,3.49,62.82,0.27,10,39.96,0.09,11.83,5606.79,0.04,0.03,0.5,1.0,3.7,30.37,0.03,5.42
SCH_0830,الغرب,حكومية,1386,179,100.0,64.58,82.18,79.06,4.39,94.99,1.53,81.27,16.18,65.71,0.63,6,0.0,0.09,19.74,4492.71,0.12,0.04,0.48,5.39,1.0,65.61,0.13,14.6
SCH_0831,المركز,حكومية,2006,126,22.62,50.65,42.6,56.08,33.53,100.0,7.31,46.72,4.67,24.63,0.31,3,12.27,0.37,25.36,4445.13,0.13,0.03,0.87,7.99,3.75,47.12,0.06,10.6
SCH_0832,الغرب,حكومية,973,197,95.16,86.37,89.42,98.18,0.0,99.61,1.66,64.22,19.07,29.6,0.79,7,7.98,0.34,55.52,9318.86,0.24,0.12,0.49,7.38,1.0,75.72,0.2,8.13
SCH_0833,الغرب,خاصة,709,91,30.82,74.62,34.26,31.19,26.47,93.35,4.0,20.67,7.9,19.99,0.37,4,15.39,0.0,31.98,8172.2,0.14,0.04,0.76,7.78,5.62,45.71,0.13,5.59
SCH_0834,الجنوب,خاصة,564,119,53.15,64.21,92.12,72.69,30.12,100.0,3.88,52.24,15.43,75.09,0.8,10,11.38,0.06,25.28,10745.22,0.15,0.1,0.88,2.69,1.0,64.51,0.21,6.0
SCH_0835,المركز,حكومية,552,121,0.0,12.16,30.34,27.71,48.32,87.01,1.43,0.0,4.76,21.91,0.3,8,13.1,0.1,42.89,3849.8,0.06,0.06,0.85,3.01,3.03,34.1,0.22,8.86
SCH_0836,الغرب,حكومية,1306,136,76.56,95.73,72.17,83.28,0.1,86.79,1.2,69.04,7.34,98.14,0.09,7,0.0,0.25,69.2,8896.68,0.09,0.07,0.85,1.31,2.34,67.92,0.1,7.63
SCH_0837,الغرب,حكومية,1448,94,71.12,61.18,100.0,84.92,20.3,95.62,2.17,83.24,11.69,127.41,0.46,7,0.99,0.4,43.63,11274.71,0.15,0.1,0.36,7.21,1.0,72.68,0.06,6.45
SCH_0838,المركز,حكومية,611,139,1.7,0.0,0.0,23.52,54.12,82.24,1.82,24.06,0.0,10.0,0.0,9,13.49,0.08,21.9,500.0,0.01,0.01,0.36,1.33,7.45,23.07,0.23,46.13
SCH_0839,المركز,خاصة,934,198,74.92,58.33,29.46,51.54,29.84,94.67,1.49,44.65,8.18,50.41,0.16,8,12.46,0.11,11.88,7195.85,0.09,0.02,0.51,5.55,3.62,49.48,0.21,6.88
SCH_0840,الشمال,خاصة,317,186,48.38,42.45,45.17,38.28,19.58,90.03,0.81,44.13,0.0,78.77,0.2,1,9.77,0.05,27.4,4520.99,0.09,0.02,0.33,2.03,3.01,42.46,0.59,9.39
SCH_0841,الجنوب,حكومية,681,199,37.36,4.81,0.0,9.85,46.2,88.96,0.28,0.56,2.58,14.33,0.22,7,18.45,0.0,29.88,3174.32,0.01,0.03,0.65,2.67,4.95,27.73,0.29,8.73
SCH_0842,المركز,حكومية,391,148,28.26,28.93,61.71,46.43,16.89,79.67,6.97,16.91,0.0,15.3,0.17,3,17.46,0.05,38.22,5091.28,0.07,0.05,0.58,2.37,8.07,37.9,0.38,7.44
SCH_0843,المركز,حكومية,306,46,14.12,36.94,16.43,21.26,4.22,92.4,1.74,18.07,9.05,17.68,0.48,4,0.0,0.08,22.39,6204.45,0.07,0.09,0.69,2.34,7.07,38.26,0.15,6.17
SCH_0844,الشرق,حكومية,581,122,18.64,21.92,31.73,38.38,28.78,78.12,2.96,55.79,0.0,10.0,0.07,6,14.2,0.1,26.1,6483.45,0.05,0.06,0.51,1.86,4.95,34.59,0.21,5.33
SCH_0845,المركز,حكومية,982,128,73.25,75.32,93.02,91.49,11.05,100.0,2.85,72.06,6.36,46.13,0.39,5,29.62,0.09,35.56,9978.15,0.13,0.05,0.64,3.67,1.7,60.06,0.13,6.02
SCH_0846,الجنوب,مجتمعية,443,160,73.92,15.7,18.83,34.06,35.52,96.01,6.16,34.61,11.82,10.0,0.0,8,5.87,0.19,25.75,6011.9,0.01,0.06,0.53,5.79,5.09,45.12,0.36,7.5
SCH_0847,الغرب,خاصة,667,82,61.6,83.8,94.76,74.59,24.91,96.44,3.64,32.92,14.58,97.07,0.81,2,16.22,0.2,52.31,9400.82,0.09,0.08,0.44,7.02,2.46,67.28,0.12,7.16
SCH_0848,الغرب,حكومية,1065,141,40.48,61.56,11.71,37.72,24.62,90.6,1.92,31.2,8.91,67.53,0.5,5,17.75,0.0,0.0,8890.83,0.1,0.07,0.75,4.67,4.97,43.14,0.13,4.85
SCH_0849,الغرب,حكومية,1761,149,48.59,52.72,63.98,71.03,14.94,89.12,9.75,20.68,3.84,30.86,0.33,5,4.2,0.12,36.61,4087.54,0.09,0.04,0.77,6.82,1.0,53.72,0.08,13.14
SCH_0850,الغرب,مجتمعية,1433,128,11.74,13.12,26.44,10.74,53.95,81.68,3.12,0.0,7.07,10.0,0.0,3,8.02,0.08,29.78,7447.77,0.04,0.01,0.88,1.0,8.66,28.62,0.09,3.84
SCH_0851,الشرق,حكومية,803,22,23.1,38.93,41.13,40.38,17.73,89.08,0.39,10.65,5.61,70.26,0.21,10,15.9,0.14,24.03,5358.19,0.04,0.02,0.91,5.79,3.97,43.01,0.03,8.03
SCH_0852,المركز,حكومية,1860,78,42.05,31.48,29.53,54.33,37.87,100.0,0.56,7.63,4.92,15.34,0.22,5,32.32,0.15,21.47,6162.2,0.04,0.01,0.79,3.32,8.3,34.62,0.04,5.62
SCH_0853,الغرب,حكومية,1296,149,53.01,60.69,62.55,52.45,17.04,92.2,5.58,59.6,15.5,61.37,0.2,4,7.69,0.3,29.34,6105.29,0.01,0.03,0.78,2.21,3.15,54.85,0.11,8.98
SCH_0854,الشمال,خاصة,2215,55,83.2,70.75,61.28,62.36,12.9,80.92,7.24,58.04,4.22,89.18,0.87,5,7.47,0.4,32.88,6277.24,0.14,0.05,0.34,6.25,1.5,65.32,0.02,10.41
SCH_0855,الغرب,حكومية,1858,54,43.28,44.84,58.44,44.96,41.05,75.4,2.54,13.66,10.66,19.41,0.61,10,24.94,0.16,32.28,6814.54,0.15,0.07,0.38,1.21,6.33,45.03,0.03,6.61
SCH_0856,المركز,حكومية,1933,17,0.0,7.16,37.3,16.61,39.46,74.48,1.86,0.0,3.41,10.0,0.0,9,25.94,0.0,24.9,5775.39,0.01,0.06,0.87,4.0,6.01,26.32,0.01,4.56
SCH_0857,الغرب,خاصة,1813,159,57.0,42.05,22.03,49.93,41.59,86.03,3.21,42.4,5.02,25.36,0.01,7,0.0,0.08,0.66,6784.39,0.01,0.01,0.46,4.87,3.83,41.7,0.09,6.15
SCH_0858,الشرق,خاصة,1059,124,27.09,54.08,92.63,38.34,0.0,100.0,2.15,59.79,3.12,10.68,0.44,1,11.67,0.02,46.98,5925.89,0.11,0.1,0.55,4.44,1.0,48.71,0.12,8.22
SCH_0859,الجنوب,مجتمعية,2079,128,0.0,0.0,17.02,18.79,17.01,79.12,3.07,21.14,2.34,37.69,0.0,3,34.35,0.32,22.58,11838.85,0.11,0.01,0.4,4.38,5.94,28.11,0.06,2.37
SCH_0860,الجنوب,حكومية,1476,126,44.47,97.69,98.12,75.58,0.0,100.0,0.43,23.63,4.64,76.26,0.39,9,10.07,0.47,66.46,9473.2,0.09,0.07,0.44,1.49,1.52,65.72,0.09,6.94
SCH_0861,المركز,حكومية,212,194,2.79,27.27,10.55,21.25,24.34,88.07,8.1,4.83,8.39,18.74,0.1,4,0.0,0.15,7.03,6011.19,0.01,0.01,0.84,1.0,4.12,33.14,0.92,5.51
SCH_0862,الجنوب,خاصة,1299,164,51.05,15.42,44.26,20.76,62.8,91.88,4.03,71.71,4.98,70.9,0.17,4,21.36,0.22,16.02,4401.64,0.03,0.05,0.48,1.9,3.21,39.65,0.13,9.01
SCH_0863,الجنوب,خاصة,1274,18,49.89,55.91,66.5,70.13,23.51,93.89,3.56,17.75,4.48,44.62,0.52,10,9.9,0.2,32.69,5421.7,0.03,0.01,0.61,8.67,3.73,54.82,0.01,10.11
SCH_0864,الشمال,حكومية,986,148,60.08,21.18,33.62,55.15,18.5,93.86,1.23,40.59,0.0,59.9,0.61,6,0.0,0.18,38.61,5336.15,0.03,0.05,0.41,1.17,1.0,49.22,0.15,9.22
SCH_0865,المركز,حكومية,348,180,57.16,58.27,67.14,69.29,28.9,88.28,0.7,94.96,7.54,80.26,0.47,3,0.0,0.0,10.44,9760.65,0.08,0.07,0.77,1.84,1.64,54.97,0.52,5.63
SCH_0866,المركز,خاصة,1954,40,9.9,0.0,33.93,14.44,61.29,66.84,1.13,0.0,6.95,10.0,0.0,3,33.47,0.0,9.1,1378.18,0.01,0.01,0.81,1.0,7.65,16.3,0.02,11.83
SCH_0867,الجنوب,خاصة,2369,153,56.09,48.22,42.54,73.88,7.2,85.19,3.76,75.86,7.9,83.63,0.32,9,5.43,0.01,43.56,4292.4,0.03,0.03,0.55,5.73,1.0,57.66,0.06,13.43
SCH_0868,الجنوب,حكومية,1503,31,53.17,19.01,34.37,36.45,66.11,82.17,3.3,20.43,5.51,46.57,0.14,5,5.24,0.17,18.6,7069.88,0.07,0.06,0.85,2.23,3.78,40.16,0.02,5.68
SCH_0869,الجنوب,حكومية,1379,106,56.69,69.49,40.6,75.59,22.31,93.85,1.89,11.43,18.04,92.9,0.78,7,8.73,0.18,59.65,8094.91,0.11,0.08,0.47,4.77,1.0,63.48,0.08,7.84
SCH_0870,الشرق,حكومية,281,45,54.91,70.82,91.93,86.5,25.74,92.81,3.63,36.88,7.01,21.55,0.5,5,3.41,0.47,31.37,5700.15,0.02,0.05,0.78,6.37,1.56,59.19,0.16,10.38
SCH_0871,الغرب,حكومية,691,177,45.64,37.7,40.49,61.65,32.4,87.83,5.89,24.93,3.47,53.4,0.38,6,13.47,0.29,21.54,4325.14,0.09,0.07,0.81,3.69,6.3,46.07,0.26,10.65
SCH_0872,الشرق,حكومية,2225,158,42.1,69.3,90.89,66.03,23.98,100.0,0.11,20.11,12.05,53.07,0.53,8,6.25,0.24,49.22,10557.8,0.08,0.06,0.98,5.76,1.0,61.92,0.07,5.86
SCH_0873,المركز,حكومية,1124,121,0.8,0.0,0.0,4.66,39.65,80.08,1.23,0.0,2.41,10.0,0.0,8,12.48,0.0,44.73,3858.37,0.04,0.02,0.46,1.24,7.41,24.91,0.11,6.46
SCH_0874,الشمال,حكومية,1496,160,16.72,30.15,45.84,38.42,70.45,69.44,3.8,37.8,0.44,64.76,0.39,2,14.27,0.32,32.99,1845.97,0.07,0.02,0.37,1.0,3.7,36.79,0.11,19.93
SCH_0875,الغرب,حكومية,1803,125,38.75,19.72,46.19,22.9,30.7,88.96,2.29,12.16,0.52,35.91,0.07,9,21.91,0.09,47.92,2516.43,0.02,0.04,0.48,2.07,3.14,37.7,0.07,14.98
SCH_0876,الشمال,حكومية,1796,115,69.17,79.63,63.23,74.28,30.46,100.0,4.25,46.72,17.41,23.49,0.6,10,8.47,0.25,65.49,7022.82,0.13,0.09,0.39,5.91,1.0,66.23,0.06,9.43
SCH_0877,المركز,خاصة,322,126,76.63,29.41,41.9,59.81,14.58,92.96,2.69,72.68,6.32,41.67,0.66,6,10.03,0.18,23.15,8426.85,0.04,0.04,0.42,6.26,4.11,53.24,0.39,6.32
SCH_0878,المركز,حكومية,907,76,15.3,0.0,1.19,9.36,33.09,83.57,11.68,0.0,0.0,42.42,0.0,7,40.81,0.0,38.35,5187.41,0.09,0.01,0.53,1.0,4.76,27.48,0.08,5.3
SCH_0879,الشمال,حكومية,1190,126,35.34,27.14,30.46,50.57,56.64,91.3,0.19,47.4,7.53,18.19,0.33,3,21.37,0.14,10.28,8327.62,0.03,0.05,0.59,1.0,2.74,35.68,0.11,4.28
SCH_0880,الشمال,خاصة,2240,169,58.28,60.47,78.72,62.15,19.67,100.0,2.51,11.78,13.09,28.77,0.43,4,19.17,0.0,43.6,4038.42,0.1,0.09,0.93,5.95,2.77,52.29,0.08,12.95
SCH_0881,الشمال,حكومية,909,177,43.2,40.66,35.54,42.0,33.32,81.23,0.28,6.54,3.9,27.92,0.0,6,15.26,0.0,28.63,5711.11,0.04,0.04,0.44,4.44,3.72,37.58,0.19,6.58
SCH_0882,المركز,مجتمعية,993,130,0.0,19.25,0.0,27.95,46.74,86.75,0.43,7.76,4.94,29.12,0.0,7,23.44,0.1,43.16,6904.36,0.01,0.02,0.98,1.6,1.1,30.56,0.13,4.43
SCH_0883,الجنوب,خاصة,911,187,26.13,29.22,31.82,27.82,70.6,94.05,1.5,53.67,0.29,15.01,0.04,6,11.47,0.35,48.64,8245.71,0.1,0.04,0.87,3.49,2.81,41.22,0.21,5.0
SCH_0884,الشمال,حكومية,1917,49,76.7,45.18,84.49,96.5,38.98,95.74,0.78,51.44,16.21,98.83,0.51,5,11.0,0.31,54.68,9815.52,0.1,0.11,0.92,5.84,2.56,66.96,0.03,6.82
SCH_0885,الغرب,مجتمعية,456,42,98.61,93.03,49.67,100.0,23.03,92.26,15.83,55.47,9.09,93.49,0.64,2,0.78,0.17,52.21,14167.32,0.05,0.09,0.95,8.4,1.0,74.39,0.09,5.25
SCH_0886,المركز,حكومية,1412,117,53.61,57.52,41.77,52.3,69.96,86.16,9.89,42.0,8.38,50.39,0.2,7,15.8,0.0,41.33,7417.34,0.01,0.03,0.83,5.36,1.08,51.87,0.08,6.99
SCH_0887,الشرق,حكومية,1070,139,44.8,83.49,57.75,47.46,14.19,87.05,1.35,43.29,10.33,10.0,0.65,5,15.78,0.25,33.91,8115.41,0.02,0.08,0.85,3.58,2.55,51.92,0.13,6.4
SCH_0888,الشرق,حكومية,1931,116,20.18,50.99,54.61,53.29,31.16,94.99,3.8,25.17,9.1,57.84,0.55,9,10.48,0.09,36.29,7103.96,0.15,0.04,0.61,9.57,1.11,53.75,0.06,7.57
SCH_0889,الغرب,حكومية,1008,151,27.2,41.99,57.06,71.72,25.15,93.99,2.72,31.14,1.62,44.45,0.4,4,41.39,0.25,57.23,5076.23,0.14,0.08,0.66,1.03,2.83,43.64,0.15,8.6
SCH_0890,الجنوب,مجتمعية,470,157,18.89,27.28,32.17,43.53,12.22,100.0,4.52,39.72,0.0,34.19,0.05,10,12.71,0.13,50.19,2823.11,0.01,0.06,0.95,2.12,2.47,42.89,0.33,15.19
SCH_0891,الشمال,حكومية,1743,35,10.95,14.63,11.62,25.79,47.71,74.55,2.52,0.0,10.74,10.0,0.12,2,13.63,0.13,23.42,4656.21,0.01,0.04,0.56,1.0,4.12,27.3,0.02,5.86
SCH_0892,المركز,حكومية,749,66,75.02,94.07,89.56,88.42,5.17,100.0,0.0,66.78,7.4,63.81,0.67,7,13.21,0.23,46.05,7822.91,0.09,0.04,0.33,7.76,1.41,68.61,0.09,8.77
SCH_0893,الشمال,حكومية,1337,177,10.05,4.97,46.24,20.11,64.46,85.07,3.62,3.32,6.39,33.08,0.29,7,14.78,0.11,26.35,659.26,0.01,0.02,0.83,1.0,6.27,30.42,0.13,46.14
SCH_0894,المركز,حكومية,767,111,100.0,83.01,56.27,100.0,0.7,92.95,6.32,97.45,13.6,130.12,0.7,1,0.4,0.24,21.85,7020.53,0.08,0.08,0.7,4.27,3.28,70.44,0.14,10.03
SCH_0895,الشرق,حكومية,558,65,0.0,23.35,3.31,0.0,38.12,92.89,1.64,19.77,0.0,10.0,0.0,5,11.58,0.0,18.02,3077.73,0.06,0.01,0.87,1.0,4.86,24.2,0.12,7.86
SCH_0896,الشمال,حكومية,1873,97,91.17,91.25,100.0,95.25,29.68,100.0,10.73,86.91,10.33,102.02,0.42,3,8.26,0.12,69.98,10518.47,0.16,0.09,0.35,7.46,4.58,76.17,0.05,7.24
SCH_0897,الغرب,خاصة,1837,69,49.92,54.92,40.91,35.52,30.27,98.0,7.47,19.25,14.12,74.1,0.0,9,20.67,0.0,20.0,5592.88,0.07,0.06,0.73,1.81,3.38,48.01,0.04,8.58
SCH_0898,الجنوب,حكومية,1557,91,18.72,1.65,7.5,10.48,63.34,96.82,1.67,23.05,18.68,29.04,0.15,9,19.8,0.0,54.18,3429.75,0.01,0.01,0.47,1.0,7.17,33.76,0.06,9.84
SCH_0899,الغرب,خاصة,1912,141,83.99,91.13,67.02,90.32,20.28,91.9,3.9,73.71,9.24,106.75,0.13,7,14.1,0.44,59.24,6078.62,0.11,0.07,0.93,5.41,5.53,68.47,0.07,11.26
SCH_0900,الجنوب,حكومية,1562,186,69.24,30.32,80.76,60.99,28.93,100.0,20.71,54.61,6.36,38.97,0.33,9,0.0,0.28,42.6,6915.56,0.01,0.05,0.38,3.94,2.96,60.39,0.12,8.73
SCH_0901,الشمال,خاصة,997,107,44.92,29.62,35.2,55.77,19.35,85.36,1.28,37.53,0.0,91.08,0.24,2,4.44,0.2,44.61,9416.69,0.12,0.09,0.89,7.29,1.0,50.72,0.11,5.39
SCH_0902,الشمال,خاصة,1484,102,29.37,65.08,64.42,36.45,34.59,87.15,1.33,39.97,0.0,24.16,0.32,10,11.83,0.03,20.01,6523.58,0.08,0.04,0.36,5.04,3.43,44.83,0.07,6.87
SCH_0903,الجنوب,حكومية,1086,94,13.86,44.49,38.84,47.72,25.84,87.98,0.67,0.0,2.37,46.03,0.5,8,2.18,0.28,29.34,3091.93,0.01,0.01,0.32,2.9,2.11,42.73,0.09,13.82
SCH_0904,الشرق,حكومية,1958,167,26.79,46.04,17.23,42.18,21.83,84.01,6.71,60.96,2.61,17.16,0.46,10,0.0,0.08,51.29,2753.11,0.13,0.01,0.46,6.77,3.52,49.19,0.09,17.87
SCH_0905,المركز,خاصة,1422,106,31.16,44.32,38.2,38.7,27.02,89.76,4.48,22.18,6.3,28.96,0.4,10,11.21,0.36,23.63,7175.34,0.01,0.05,0.53,4.41,7.4,46.07,0.07,6.42
SCH_0906,الغرب,حكومية,2458,61,69.99,52.46,51.64,37.79,43.03,97.43,0.4,35.36,11.34,10.0,0.16,10,18.8,0.01,51.69,6231.24,0.11,0.03,0.74,2.27,1.0,49.4,0.02,7.93
SCH_0907,الغرب,مجتمعية,486,198,11.0,0.0,5.36,39.59,50.38,91.74,9.85,0.0,3.4,10.0,0.09,1,33.99,0.0,3.94,3922.89,0.05,0.04,0.39,1.74,5.68,22.08,0.41,5.63
SCH_0908,الغرب,حكومية,1915,52,51.14,66.19,88.85,76.6,28.23,86.75,5.25,66.73,13.52,101.9,0.22,3,2.88,0.07,22.01,6435.95,0.04,0.03,0.61,6.4,1.0,59.71,0.03,9.28
SCH_0909,الشمال,حكومية,1985,153,13.64,51.9,16.63,32.4,34.29,82.58,5.6,35.76,1.65,10.0,0.06,8,24.46,0.0,57.96,6209.85,0.05,0.02,0.44,1.14,3.5,37.46,0.08,6.03
SCH_0910,الغرب,حكومية,942,29,37.19,8.21,10.16,22.01,17.25,78.89,0.11,0.0,0.75,14.88,0.14,8,29.52,0.0,22.03,2913.5,0.01,0.01,0.9,1.0,7.05,25.23,0.03,8.66
SCH_0911,المركز,مجتمعية,1705,15,42.26,52.82,53.34,48.26,10.38,89.97,2.3,0.0,4.57,10.0,0.06,10,26.54,0.14,24.7,5607.98,0.01,0.06,0.33,3.58,4.08,41.22,0.01,7.35
SCH_0912,المركز,حكومية,2240,149,40.31,61.85,54.63,70.56,19.65,77.56,4.27,27.4,1.47,26.58,0.22,8,8.49,0.05,56.05,4939.84,0.02,0.07,0.55,3.44,2.43,49.65,0.07,10.05
SCH_0913,الجنوب,خاصة,1246,15,32.27,15.22,45.85,45.91,17.77,80.92,2.28,33.53,0.0,50.94,0.0,7,0.0,0.0,47.81,6971.93,0.01,0.04,0.74,5.39,2.88,44.08,0.01,6.32
SCH_0914,الشمال,خاصة,495,63,53.6,38.0,16.47,14.91,29.56,83.84,3.03,25.14,0.43,30.0,0.28,2,19.42,0.24,41.35,4317.67,0.07,0.01,0.94,3.49,5.12,37.72,0.13,8.74
SCH_0915,المركز,حكومية,2253,110,11.2,12.34,29.5,23.35,33.07,95.15,4.28,12.71,0.0,13.23,0.03,3,10.6,0.0,16.57,5408.98,0.03,0.01,0.91,1.0,8.39,27.72,0.05,5.12
SCH_0916,الشرق,حكومية,880,171,50.49,36.29,53.23,61.45,21.95,87.96,1.5,23.67,0.36,74.52,0.0,9,7.72,0.21,27.75,3425.56,0.06,0.05,0.93,4.07,1.79,47.47,0.19,13.86
SCH_0917,الشمال,خاصة,2091,40,39.33,53.0,40.9,13.7,60.79,95.2,5.0,0.0,5.96,12.85,0.46,2,16.6,0.07,31.14,7975.31,0.01,0.01,0.34,4.26,8.53,38.67,0.02,4.85
SCH_0918,الشمال,حكومية,994,101,1.17,38.5,0.0,22.63,34.44,89.45,0.51,42.91,5.33,66.44,0.38,7,14.23,0.41,39.28,7622.36,0.02,0.02,0.89,1.0,6.63,40.02,0.1,5.25
SCH_0919,المركز,خاصة,402,187,16.81,16.81,36.57,20.86,50.83,83.84,0.88,0.0,4.07,10.0,0.0,1,19.82,0.23,20.29,1027.7,0.01,0.07,0.85,1.0,7.16,24.28,0.47,23.62
SCH_0920,الشرق,حكومية,524,107,33.43,18.48,35.54,28.17,43.7,83.29,0.11,9.92,8.53,10.0,0.25,3,27.65,0.0,27.81,2621.92,0.01,0.01,0.93,1.38,5.57,28.47,0.2,10.86
SCH_0921,الجنوب,حكومية,2491,116,68.78,79.81,71.04,90.04,31.6,83.6,1.98,42.71,8.25,75.12,0.78,1,1.51,0.13,47.79,9503.87,0.09,0.03,0.52,6.41,3.59,63.44,0.05,6.67
SCH_0922,المركز,خاصة,526,85,45.24,64.32,28.07,23.57,45.8,100.0,1.52,51.09,9.26,39.12,0.2,6,19.2,0.34,51.01,3092.27,0.06,0.02,0.94,3.02,1.64,47.32,0.16,15.3
SCH_0923,الشرق,حكومية,1186,154,73.43,85.4,70.78,96.69,0.0,100.0,7.43,79.48,8.68,59.05,0.54,4,3.95,0.03,56.76,8673.06,0.1,0.07,0.58,6.16,1.0,69.67,0.13,8.03
SCH_0924,الشمال,حكومية,960,109,28.29,68.1,14.34,35.95,61.94,93.33,3.23,20.84,6.63,26.69,0.15,1,25.61,0.13,7.89,6301.61,0.04,0.1,0.74,2.15,5.43,34.0,0.11,5.4
SCH_0925,الشرق,حكومية,1236,174,58.96,48.02,80.79,73.1,9.45,81.32,2.31,67.8,10.89,108.41,0.51,5,6.25,0.18,37.04,7353.5,0.14,0.12,0.6,6.17,2.54,61.78,0.14,8.4
SCH_0926,الشمال,حكومية,1106,132,83.75,73.71,100.0,73.25,15.9,88.81,4.46,29.52,12.17,62.36,0.65,4,5.66,0.17,28.33,9271.41,0.09,0.1,0.6,8.2,1.25,65.6,0.12,7.08
SCH_0927,المركز,حكومية,1603,162,84.24,69.77,70.1,92.82,15.05,85.32,0.24,63.38,10.25,23.13,0.25,10,0.95,0.3,52.89,7298.57,0.06,0.07,0.68,5.54,1.0,64.46,0.1,8.83
SCH_0928,المركز,خاصة,564,133,57.03,48.13,46.22,71.61,29.55,91.58,0.73,23.34,9.93,10.0,0.19,10,9.49,0.2,50.51,2400.08,0.11,0.09,0.55,9.32,1.8,52.42,0.24,21.84
SCH_0929,الغرب,حكومية,1444,65,76.16,31.45,38.85,35.98,42.67,81.44,3.11,51.34,7.77,101.14,0.25,2,7.53,0.18,33.09,7662.27,0.07,0.01,0.85,7.0,1.34,51.55,0.05,6.73
SCH_0930,الغرب,حكومية,2320,95,80.72,43.96,22.59,43.27,11.33,85.1,3.73,51.19,1.04,98.15,0.39,7,2.52,0.18,32.37,8775.58,0.1,0.09,0.74,7.03,3.71,56.76,0.04,6.47
SCH_0931,الغرب,حكومية,1848,50,24.02,79.69,39.83,56.08,33.81,83.16,5.37,55.99,12.3,40.66,0.4,8,19.32,0.22,37.16,11769.16,0.11,0.08,0.78,5.54,2.39,54.49,0.03,4.63
SCH_0932,المركز,حكومية,1269,81,23.2,51.19,28.71,40.4,43.79,86.07,1.49,12.82,0.0,54.17,0.14,4,6.71,0.1,32.09,675.14,0.07,0.03,0.46,6.4,2.95,38.76,0.06,57.42
SCH_0933,الجنوب,حكومية,473,143,82.39,52.03,28.12,46.38,27.01,90.17,4.33,51.69,2.51,53.81,0.1,9,10.31,0.04,24.2,7721.25,0.07,0.08,0.98,3.1,8.53,49.71,0.3,6.44
SCH_0934,المركز,مجتمعية,2455,128,21.23,22.73,53.79,17.85,32.23,86.28,3.34,1.54,5.69,67.96,0.38,3,27.69,0.09,10.67,1151.76,0.16,0.02,0.76,1.0,6.29,31.82,0.05,27.63
SCH_0935,الشرق,خاصة,2152,169,100.0,69.55,53.92,95.41,0.0,100.0,14.53,44.37,14.96,47.66,0.23,6,1.52,0.13,13.19,12098.99,0.06,0.04,0.44,5.33,3.32,65.25,0.08,5.39
SCH_0936,المركز,حكومية,2084,125,3.66,21.18,28.07,25.21,52.18,92.49,0.56,4.54,2.61,10.0,0.0,7,30.77,0.0,42.02,4679.42,0.01,0.04,0.83,1.0,9.8,26.57,0.06,5.68
SCH_0937,المركز,حكومية,323,182,47.75,55.77,80.63,56.59,14.46,83.86,2.84,22.32,9.32,90.85,0.31,7,6.27,0.1,42.82,4684.63,0.13,0.05,0.42,4.34,4.53,55.79,0.56,11.91
SCH_0938,الشمال,حكومية,1552,156,38.4,23.28,33.08,11.94,40.84,90.15,2.54,34.55,0.0,10.0,0.25,6,8.13,0.06,33.07,6341.97,0.05,0.04,0.34,2.64,2.93,37.36,0.1,5.89
SCH_0939,الشمال,حكومية,1891,114,52.73,62.2,51.33,56.31,21.44,84.8,23.93,33.8,5.49,56.18,0.27,9,0.0,0.17,55.2,5679.71,0.12,0.11,0.67,4.73,1.0,59.87,0.06,10.54
SCH_0940,الشمال,حكومية,2307,123,46.9,52.84,44.4,44.94,10.25,85.79,0.72,9.97,0.0,38.14,0.39,1,28.26,0.26,13.01,6364.26,0.07,0.02,0.69,3.13,5.56,37.52,0.05,5.9
SCH_0941,المركز,حكومية,641,134,63.55,37.61,31.11,35.82,16.04,92.83,2.37,7.74,1.39,63.45,0.49,9,3.65,0.05,5.94,6206.7,0.13,0.04,0.43,3.46,1.0,46.37,0.21,7.47
SCH_0942,الجنوب,حكومية,1440,93,49.64,26.45,0.0,47.92,36.94,94.15,1.34,44.56,0.0,42.46,0.1,9,22.91,0.14,37.24,9166.49,0.01,0.09,0.54,6.53,3.55,42.69,0.06,4.66
SCH_0943,الشرق,حكومية,1110,148,42.31,20.37,20.6,35.13,22.04,84.32,2.39,0.0,6.1,36.23,0.32,4,4.95,0.14,36.46,9443.12,0.13,0.06,0.96,4.46,1.0,43.11,0.13,4.57
SCH_0944,الشرق,حكومية,1225,175,84.9,63.56,59.57,66.03,11.73,82.14,1.0,27.62,20.75,48.38,0.41,5,23.22,0.09,11.97,5991.2,0.15,0.04,0.5,6.63,2.61,52.85,0.14,8.82
SCH_0945,الجنوب,مجتمعية,1759,197,66.39,85.75,34.43,56.28,11.92,91.03,0.18,70.65,11.79,23.4,0.25,3,33.76,0.17,41.37,8843.22,0.02,0.02,0.41,4.64,4.51,50.08,0.11,5.66
SCH_0946,الجنوب,حكومية,1941,33,64.06,58.41,66.8,88.73,1.52,95.98,3.61,53.17,0.04,70.08,0.07,7,0.0,0.38,36.52,8964.37,0.14,0.06,0.99,2.77,2.05,61.1,0.02,6.82
SCH_0947,الشرق,حكومية,1934,141,61.64,48.44,41.53,34.99,58.67,83.09,1.21,39.88,0.0,66.9,0.26,2,6.17,0.12,17.48,2410.66,0.05,0.01,0.51,1.0,5.96,39.82,0.07,16.52
SCH_0948,الغرب,حكومية,825,43,62.58,42.82,55.85,56.28,6.73,96.83,0.72,50.91,1.45,44.37,0.41,8,19.49,0.19,30.88,5313.96,0.05,0.06,0.78,8.4,6.75,50.18,0.05,9.44
SCH_0949,الشمال,حكومية,1890,38,60.8,56.9,85.18,62.38,40.09,96.52,1.53,47.39,0.83,106.2,0.6,9,14.13,0.09,2.58,12152.8,0.01,0.07,0.46,4.06,1.87,55.26,0.02,4.55
SCH_0950,الشمال,خاصة,1197,165,7.68,51.71,43.87,42.13,26.05,83.58,0.16,0.0,4.29,59.92,0.16,6,23.27,0.41,22.53,6374.83,0.01,0.05,0.69,1.81,9.34,37.35,0.14,5.86
SCH_0951,الشرق,حكومية,290,24,65.55,82.39,93.27,92.23,0.0,100.0,13.78,42.45,14.08,100.51,0.38,9,0.0,0.16,35.3,11034.57,0.16,0.06,0.57,7.39,1.25,75.26,0.08,6.82
SCH_0952,الجنوب,حكومية,2414,196,78.28,56.5,38.53,49.35,29.37,99.56,3.12,15.37,1.45,47.93,0.13,6,31.68,0.0,44.19,6270.51,0.12,0.05,0.97,5.32,4.73,47.23,0.08,7.53
SCH_0953,الغرب,حكومية,406,119,100.0,78.81,48.75,84.51,13.11,100.0,7.19,69.94,10.19,56.52,0.0,3,7.34,0.36,40.24,7196.48,0.1,0.01,0.6,7.38,1.0,65.52,0.29,9.11
SCH_0954,الشرق,خاصة,1288,183,43.73,32.35,34.2,50.34,25.81,100.0,1.8,47.36,7.47,92.9,0.17,10,2.22,0.11,42.32,6026.39,0.1,0.05,0.71,6.95,6.69,53.56,0.14,8.89
SCH_0955,الشمال,حكومية,2111,191,0.0,21.36,0.0,5.35,49.33,78.57,5.23,0.0,4.69,31.74,0.6,3,20.48,0.0,0.0,3023.37,0.06,0.04,0.96,3.64,7.61,24.15,0.09,7.99
SCH_0956,المركز,حكومية,715,159,58.63,74.02,71.6,91.75,13.09,99.89,2.81,58.38,12.02,70.76,0.7,2,0.0,0.14,29.9,5259.26,0.12,0.03,0.99,4.37,4.45,61.4,0.22,11.67
SCH_0957,الجنوب,حكومية,1380,198,22.98,26.51,26.02,54.71,23.1,96.77,2.92,38.03,8.75,98.31,0.09,5,29.08,0.42,42.54,4306.85,0.03,0.06,0.37,5.72,3.27,45.67,0.14,10.61
SCH_0958,المركز,حكومية,1992,187,55.36,66.88,97.11,75.45,23.9,90.24,2.98,65.77,11.85,99.13,0.38,4,0.0,0.29,39.45,10034.16,0.14,0.06,0.88,5.65,1.0,66.72,0.09,6.65
SCH_0959,الشرق,حكومية,2101,172,75.41,0.0,30.39,62.89,5.79,93.14,4.43,20.77,1.68,10.0,0.17,6,18.67,0.22,46.19,5389.45,0.09,0.07,0.57,3.33,4.22,43.78,0.08,8.12
SCH_0960,الشمال,حكومية,2205,186,100.0,73.89,65.83,88.09,0.0,77.29,3.51,91.25,6.99,60.31,0.72,5,2.02,0.24,14.86,8169.08,0.14,0.08,0.72,3.66,1.0,65.04,0.08,7.96
SCH_0961,الغرب,حكومية,594,69,78.57,100.0,94.98,100.0,0.0,79.3,1.54,89.87,7.69,117.2,1.0,6,0.0,0.33,59.58,10146.92,0.19,0.11,0.56,4.24,1.0,77.86,0.12,7.67
SCH_0962,المركز,خاصة,1297,161,46.48,30.9,69.07,55.28,10.83,75.94,0.53,38.75,14.49,91.84,0.3,4,0.0,0.35,24.4,6888.82,0.01,0.05,0.58,3.67,3.59,52.0,0.12,7.55
SCH_0963,الغرب,حكومية,386,171,24.67,52.72,79.11,24.95,29.32,92.51,3.09,24.77,0.0,114.78,0.32,3,20.0,0.09,22.14,8368.84,0.04,0.08,0.41,1.6,8.12,43.7,0.44,5.22
SCH_0964,الشمال,حكومية,1797,16,62.57,69.26,99.35,80.0,26.18,94.77,2.61,33.57,14.18,63.57,0.48,1,22.29,0.0,53.71,5198.47,0.01,0.07,0.7,6.88,2.87,57.57,0.01,11.08
SCH_0965,المركز,حكومية,1791,178,72.23,36.36,22.0,53.01,0.0,87.57,0.35,46.07,0.0,66.12,0.28,5,3.93,0.27,51.72,7475.13,0.11,0.03,0.68,3.25,3.42,51.85,0.1,6.94
SCH_0966,الغرب,مجتمعية,929,161,46.26,53.13,22.62,36.62,27.85,100.0,1.46,14.59,8.35,11.73,0.24,6,2.03,0.16,44.54,6615.55,0.03,0.03,0.43,3.02,4.07,46.12,0.17,6.97
SCH_0967,الغرب,حكومية,439,149,65.74,49.52,42.34,64.37,18.37,98.26,2.61,45.56,12.9,26.98,0.33,5,19.63,0.18,66.66,8724.15,0.1,0.04,0.68,7.02,1.0,55.08,0.34,6.31
SCH_0968,المركز,خاصة,340,168,46.97,80.04,57.29,74.24,20.77,77.2,6.13,1.92,13.24,10.0,0.39,5,0.0,0.22,53.97,3666.16,0.01,0.05,0.98,1.02,3.18,53.53,0.49,14.6
SCH_0969,الشمال,حكومية,338,125,76.08,32.61,63.33,57.4,2.15,89.34,0.29,35.12,3.36,68.85,0.0,6,22.91,0.12,25.21,7510.04,0.16,0.04,0.8,3.12,2.78,47.78,0.37,6.36
SCH_0970,الغرب,حكومية,269,52,92.79,79.05,71.43,86.2,3.76,85.79,1.92,64.29,13.28,121.03,0.4,4,0.0,0.25,47.05,12248.46,0.06,0.06,0.64,7.01,1.0,71.11,0.19,5.81
SCH_0971,الشرق,حكومية,584,145,55.35,47.04,36.06,45.71,11.69,93.24,6.02,58.79,4.39,72.57,0.06,4,1.64,0.13,29.39,6252.44,0.11,0.06,0.94,4.57,1.0,52.0,0.25,8.32
SCH_0972,المركز,حكومية,829,116,25.13,26.25,6.91,18.85,31.55,87.44,2.93,3.04,0.0,29.47,0.3,8,20.77,0.0,58.49,5847.19,0.05,0.03,0.7,4.36,3.43,36.31,0.14,6.21
SCH_0973,الجنوب,مجتمعية,2445,109,100.0,100.0,43.88,96.14,0.0,87.63,1.68,47.85,14.76,133.67,0.42,8,0.0,0.47,65.66,11348.02,0.14,0.13,0.39,9.49,1.0,77.51,0.04,6.83
SCH_0974,الجنوب,مجتمعية,404,106,17.18,63.83,0.0,0.0,38.66,99.84,4.45,19.18,6.0,101.38,0.0,3,14.71,0.0,21.02,1849.0,0.01,0.01,0.68,1.22,4.31,35.75,0.26,19.33
SCH_0975,الشمال,حكومية,1949,85,56.33,71.28,81.79,75.16,6.99,91.9,2.67,50.28,6.69,39.5,0.03,7,12.43,0.55,52.5,11179.23,0.06,0.01,0.43,5.76,1.0,61.39,0.04,5.49
SCH_0976,الشرق,حكومية,767,185,15.84,27.83,56.76,50.09,32.33,84.42,1.95,0.0,5.77,10.0,0.25,5,0.0,0.21,9.76,5921.45,0.11,0.02,0.84,2.86,4.93,37.48,0.24,6.33
SCH_0977,الغرب,مجتمعية,1181,38,59.61,58.12,100.0,100.0,17.23,90.43,15.91,26.21,6.65,84.83,0.26,5,22.78,0.0,46.12,9258.41,0.11,0.03,0.98,3.03,2.6,61.02,0.03,6.59
SCH_0978,الجنوب,حكومية,1004,181,62.7,48.34,94.87,75.83,10.98,100.0,12.64,48.41,6.29,109.16,0.43,3,6.26,0.2,28.94,5044.18,0.05,0.09,0.55,5.82,1.64,62.33,0.18,12.36
SCH_0979,الشمال,حكومية,1910,82,30.17,50.54,12.75,33.57,45.41,95.59,1.33,24.72,3.33,10.0,0.51,2,3.82,0.07,4.57,6898.33,0.03,0.01,0.6,3.14,2.89,36.07,0.04,5.23
SCH_0980,الشرق,حكومية,1081,142,61.06,58.15,42.73,85.32,11.41,90.34,0.6,80.87,8.63,91.34,0.47,3,0.0,0.26,51.67,8657.53,0.11,0.04,0.6,6.23,3.21,62.55,0.13,7.23
SCH_0981,الشرق,حكومية,2235,107,17.84,66.21,0.0,34.19,45.71,79.78,1.11,0.1,7.41,17.04,0.06,7,28.13,0.0,41.77,8148.95,0.09,0.02,0.5,1.0,3.99,34.89,0.05,4.28
SCH_0982,الشمال,حكومية,1173,58,11.98,35.43,10.74,25.99,55.67,80.55,0.08,28.7,0.0,32.51,0.0,3,25.41,0.07,33.58,3945.66,0.01,0.07,0.86,1.0,2.28,28.02,0.05,7.1
SCH_0983,الشمال,حكومية,839,147,17.29,18.04,14.66,11.64,47.65,82.43,0.05,0.0,12.73,10.0,0.16,2,35.64,0.02,21.13,1928.68,0.01,0.01,0.73,1.0,7.3,21.42,0.18,11.1
SCH_0984,الغرب,حكومية,1654,69,79.7,64.94,38.88,76.72,20.17,94.96,1.9,54.45,0.0,29.62,0.33,4,3.41,0.07,18.71,5767.8,0.09,0.06,0.34,8.66,3.17,52.2,0.04,9.05
SCH_0985,الشمال,حكومية,524,172,69.42,75.64,78.2,65.81,21.43,98.01,11.57,85.79,11.58,36.44,0.53,5,10.57,0.08,23.45,6860.56,0.15,0.09,0.89,3.93,1.59,62.08,0.33,9.05
SCH_0986,الغرب,حكومية,641,43,63.96,54.68,78.14,76.42,22.08,85.71,8.11,54.92,8.34,85.13,0.0,7,12.99,0.33,24.99,5319.51,0.03,0.11,0.43,7.56,1.0,59.46,0.07,11.18
SCH_0987,الغرب,حكومية,1003,168,22.28,10.03,26.82,43.39,46.87,95.04,2.21,15.68,2.2,17.58,0.45,1,22.88,0.0,27.39,8121.82,0.08,0.06,0.99,6.07,2.33,33.85,0.17,4.17
SCH_0988,المركز,خاصة,425,168,21.35,16.43,0.0,27.6,49.56,80.2,2.28,44.41,2.83,32.79,0.0,8,30.1,0.15,43.55,7384.01,0.01,0.06,0.56,2.07,8.56,32.38,0.4,4.39
SCH_0989,الشرق,حكومية,1287,51,37.53,19.4,47.3,29.52,52.25,82.07,0.02,22.72,6.31,20.56,0.02,10,12.91,0.18,41.81,3985.82,0.01,0.05,0.73,1.0,1.8,38.65,0.04,9.7
SCH_0990,الشرق,حكومية,1166,129,71.95,46.67,57.09,62.36,22.47,79.04,0.9,48.18,12.6,20.98,0.62,3,9.76,0.14,12.19,6161.46,0.18,0.02,0.35,5.54,2.11,49.33,0.11,8.01
SCH_0991,الشرق,مجتمعية,759,195,100.0,71.97,100.0,95.05,9.49,82.29,0.12,52.66,12.6,93.55,0.1,6,0.0,0.28,36.98,5757.54,0.13,0.1,0.54,7.69,1.0,68.83,0.26,11.96
SCH_0992,المركز,مجتمعية,913,172,92.18,66.92,79.99,86.88,15.77,85.46,6.1,69.79,13.38,85.25,0.45,4,4.94,0.41,32.64,9861.92,0.15,0.1,0.86,4.53,1.95,69.6,0.19,7.06
SCH_0993,الغرب,حكومية,697,17,82.63,91.61,79.32,67.76,0.0,92.4,0.67,47.17,4.76,107.95,0.4,5,12.97,0.12,4.85,11632.15,0.15,0.05,0.63,4.77,1.0,60.72,0.02,5.22
SCH_0994,الغرب,حكومية,2307,136,63.36,68.57,38.06,69.21,37.36,82.78,7.56,52.11,7.68,102.18,0.34,10,0.0,0.08,45.7,5739.85,0.03,0.04,0.93,5.49,2.91,62.22,0.06,10.84
SCH_0995,الشمال,خاصة,456,57,98.17,97.07,86.03,100.0,0.0,100.0,4.98,76.57,16.15,63.92,0.64,6,12.47,0.21,44.66,9381.48,0.05,0.07,0.7,9.43,1.0,76.15,0.12,8.12
SCH_0996,المركز,خاصة,776,21,11.09,26.15,0.0,12.51,52.01,79.27,0.66,35.55,0.0,27.98,0.11,2,9.27,0.23,23.5,5082.32,0.07,0.04,0.95,1.0,5.15,28.27,0.03,5.56
SCH_0997,الشمال,مجتمعية,2486,139,61.87,43.64,33.75,57.73,23.7,92.53,0.66,36.97,9.5,10.0,0.1,3,6.77,0.38,58.37,10692.09,0.04,0.06,0.99,4.71,1.06,50.64,0.06,4.74
SCH_0998,المركز,خاصة,237,63,81.37,66.21,92.96,79.76,6.67,100.0,4.29,59.52,10.88,103.68,0.49,8,17.9,0.03,44.77,8869.33,0.03,0.07,0.62,7.59,1.0,68.41,0.27,7.71
SCH_0999,الشمال,حكومية,2272,135,29.06,24.23,13.91,20.89,46.08,87.7,5.98,31.62,9.28,52.49,0.11,8,23.39,0.21,19.41,4760.5,0.08,0.01,0.7,1.22,6.5,36.65,0.06,7.7
SCH_1000,الجنوب,حكومية,609,87,50.03,33.46,40.08,55.54,32.01,86.94,4.38,34.1,8.12,10.0,0.28,1,16.26,0.27,43.14,6755.75,0.02,0.05,0.88,3.28,2.62,44.05,0.14,6.52
